pair_id,text_a,text_b,true_label,score
1,The analytics dashboard is showing numbers that don't match reality. This is affecting my daily work.,Still happening - Got flagged as suspicious and locked out for no real reason.,not_duplicate,0.1160878986120224
2,"Following up on this: Changing my login email fails with a generic error every time. Happening consistently, not a one-off.",Update: I can't update the email address linked to my account. This is affecting my daily work.,duplicate,0.4844345450401306
3,Following up on this: Something in the newest release broke a workflow I rely on daily. This is affecting my daily work.,Following up on this: Data updated on desktop doesn't show up on mobile until much later. This is affecting my daily work.,not_duplicate,0.6376530528068542
4,"MFA enrollment keeps timing out before I can finish setup. Happening consistently, not a one-off.",Just ran into this once more: Session keeps dying even while I'm actively typing.,not_duplicate,0.10412302613258362
5,Still happening - Requested a manager review three times with no follow-up at all. This is affecting my daily work.,Following up on this: I asked to escalate this issue and nothing has happened since.,duplicate,0.25831204652786255
6,"No alerts are sent when a ticket status changes, I have to check manually.",Just ran into this once more: Notification alerts for updates have completely stopped coming through.,duplicate,0.21489574015140533
7,Just ran into this once more: Search returns no results even for terms I know exist in my tickets.,Still happening - Search returns no results even for terms I know exist in my tickets. Can someone confirm this is being looked at?,duplicate,0.6703317165374756
8,"Still happening - Invoice PDF is incomplete, some line items are blank. Can someone confirm this is being looked at?",Following up on this: API responses started returning malformed data out of nowhere. Can someone confirm this is being looked at?,not_duplicate,0.4857999384403229
9,Following up on this: The agent closed my ticket without actually fixing anything.,Update: My ticket keeps getting closed before the issue is actually resolved.,not_duplicate,0.7359455823898315
10,Just ran into this once more: Got a copy-pasted response that had nothing to do with my actual question.,This has come up again. The support agent I spoke to didn't actually solve my problem. This is affecting my daily work.,duplicate,0.4034079611301422
11,"Random logouts are happening throughout the day, very disruptive. Please look into this soon.",Still happening - Tax ID isn't showing up anywhere on the downloaded invoice. Please look into this soon.,not_duplicate,0.31984689831733704
12,Session keeps dying even while I'm actively typing. This is affecting my daily work.,Following up on this: Account lockout triggered incorrectly and support hasn't unlocked it yet.,not_duplicate,0.14154018461704254
13,"Following up on this: It crashes on startup on my device, happens every single time. Can someone confirm this is being looked at?",Data updated on desktop doesn't show up on mobile until much later. Please look into this soon.,not_duplicate,0.27560436725616455
14,"No alerts are sent when a ticket status changes, I have to check manually.","Still happening - Push notifications just stopped working a week ago. Happening consistently, not a one-off.",duplicate,0.16026900708675385
15,The moment I open the app it force-closes.,Still happening - The moment I open the app it force-closes.,duplicate,0.9082742929458618
16,"Just ran into this once more: Cross-device sync just isn't happening anymore. Happening consistently, not a one-off.",The refund was approved but the money never came back to my account.,not_duplicate,0.06388475745916367
17,"Still happening - Exporting reports to CSV fails every time I try. Happening consistently, not a one-off.",Following up on this: API calls are returning errors that weren't happening before.,not_duplicate,0.2403477281332016
18,Reporting this again: The agent closed my ticket without actually fixing anything. This is affecting my daily work.,This has come up again. CSV export has been broken for me the past few days.,not_duplicate,0.3126016855239868
19,Still happening - No one has responded to my request for help yet. This is affecting my daily work.,Following up on this: I asked to escalate this issue and nothing has happened since.,not_duplicate,0.3602065443992615
20,Following up on this: I tried to move to a higher tier and the transaction errors out. Can someone confirm this is being looked at?,This has come up again. Upgrading my plan keeps failing at the payment step.,duplicate,0.34745490550994873
21,This has come up again. I submitted a support ticket three days ago and haven't heard back. This is affecting my daily work.,I'm still waiting on any response from the support team.,duplicate,0.3655913472175598
22,Following up on this: Analytics figures seem to be miscalculated compared to raw data. Please look into this soon.,Following up on this: The analytics dashboard is showing numbers that don't match reality.,duplicate,0.6086218357086182
23,"I submitted a support ticket three days ago and haven't heard back. Happening consistently, not a one-off.",Still happening - Live chat support shows as available but no one ever responds.,not_duplicate,0.26115280389785767
24,Reporting this again: I keep getting disconnected and have to reload the page constantly.,"Performance has gotten really bad, pages hang for a long time before loading.",not_duplicate,0.3218642473220825
25,My session expires every few minutes even though I'm active. Please look into this soon.,Just ran into this once more: I keep getting logged out randomly in the middle of work.,duplicate,0.21507005393505096
26,Update: I cancelled weeks ago and still haven't received my refund.,Update: There's a duplicate charge on my statement for this plan.,not_duplicate,0.152205228805542
27,"OTP delivery is broken, I've waited 20 minutes and nothing came through. Please look into this soon.",Still happening - File attachments fail to upload no matter the file size. This is affecting my daily work.,not_duplicate,0.12329955399036407
28,Still happening - Network connection drops randomly during active use. Can someone confirm this is being looked at?,Reporting this again: Network connection drops randomly during active use.,duplicate,0.8414938449859619
29,"This has come up again. After updating the app, a core feature stopped working entirely. Happening consistently, not a one-off.",Just ran into this once more: The connection keeps dropping while I'm using the app. Please look into this soon.,not_duplicate,0.37074920535087585
30,Update: The invoice doesn't show a proper tax breakdown for accounting purposes.,My card keeps getting declined even though there are sufficient funds.,not_duplicate,0.08039181679487228
31,I set a teammate's access level but it reverts back on its own.,This has come up again. Permission changes I make for team members don't save.,duplicate,0.24731788039207458
32,"This has come up again. I never received the OTP when trying to log in. Happening consistently, not a one-off.","The verification code never arrived on my phone, so I can't sign in.",duplicate,0.26328083872795105
33,"The dashboard takes over a minute to load basic data. Happening consistently, not a one-off.","Loading times have gotten unbearable over the last few weeks. Happening consistently, not a one-off.",duplicate,0.5857810974121094
34,Reporting this again: I submitted a support ticket three days ago and haven't heard back.,Support marks the ticket as resolved but the problem is still there.,not_duplicate,0.41288506984710693
35,I was charged twice for the same subscription this month. Please look into this soon.,Billing deducted the amount twice in the same billing cycle. This is affecting my daily work.,duplicate,0.2676461935043335
36,Sync between the web app and mobile app is broken.,Reporting this again: Support marks the ticket as resolved but the problem is still there.,not_duplicate,0.09149617701768875
37,Two-factor login is stuck because the code never shows up. Please look into this soon.,My session expires every few minutes even though I'm active. This is affecting my daily work.,not_duplicate,0.20504090189933777
38,Reporting this again: Sync between the web app and mobile app is broken.,"Loading times have gotten unbearable over the last few weeks. Happening consistently, not a one-off.",not_duplicate,0.0490364208817482
39,Export just spins indefinitely and never produces a file.,Reporting this again: API calls are returning errors that weren't happening before. This is affecting my daily work.,not_duplicate,0.04432275518774986
40,"Still happening - Two-factor login is stuck because the code never shows up. Happening consistently, not a one-off.",Two-factor login is stuck because the code never shows up. Please look into this soon.,duplicate,0.7424339056015015
41,"Still happening - Invoice PDF is incomplete, some line items are blank. Can someone confirm this is being looked at?",Refund request was accepted but nothing has actually been credited.,not_duplicate,0.1539466679096222
42,Bulk actions on the tickets list just don't apply to anything selected. Can someone confirm this is being looked at?,Reporting this again: Bulk actions on the tickets list just don't apply to anything selected.,duplicate,0.9584178924560547
43,Update: The search bar just comes back empty no matter what I type. This is affecting my daily work.,Update: Search returns no results even for terms I know exist in my tickets. Please look into this soon.,duplicate,0.37193337082862854
44,Reporting this again: Requested a manager review three times with no follow-up at all.,This has come up again. I asked to escalate this issue and nothing has happened since. This is affecting my daily work.,duplicate,0.24051369726657867
45,Still happening - Changes I make aren't syncing across devices.,Still happening - The support agent I spoke to didn't actually solve my problem.,not_duplicate,0.28798699378967285
46,"Performance has gotten really bad, pages hang for a long time before loading.","Network connection drops randomly during active use. Happening consistently, not a one-off.",not_duplicate,0.04644327983260155
47,Still happening - Got billed two times for a single month of service.,Just ran into this once more: Still waiting on a refund that was promised over two weeks ago.,not_duplicate,0.33917611837387085
48,Just ran into this once more: I clicked forgot password and the reset link is broken. Can someone confirm this is being looked at?,Update: I clicked forgot password and the reset link is broken.,duplicate,0.8089482188224792
49,Following up on this: Setting up two-factor authentication fails at the QR code step. This is affecting my daily work.,Upgrading my plan keeps failing at the payment step.,not_duplicate,0.3961024284362793
50,Report totals in the dashboard don't add up correctly. Can someone confirm this is being looked at?,The analytics dashboard is showing numbers that don't match reality. This is affecting my daily work.,duplicate,0.3984086811542511
51,Reporting this again: Got flagged as suspicious and locked out for no real reason. This is affecting my daily work.,I clicked forgot password and the reset link is broken. Please look into this soon.,not_duplicate,0.2285476177930832
52,Still happening - Generated invoices are missing the company billing address. Can someone confirm this is being looked at?,Update: The invoice doesn't show a proper tax breakdown for accounting purposes. This is affecting my daily work.,duplicate,0.3888470232486725
53,Still happening - Live chat support shows as available but no one ever responds.,Still happening - The chat widget just sits there with no agent picking it up. Please look into this soon.,duplicate,0.5274733304977417
54,File attachments fail to upload no matter the file size. Can someone confirm this is being looked at?,Uploading a screenshot to a ticket just hangs and never finishes.,duplicate,0.14928372204303741
55,This has come up again. I asked to escalate this issue and nothing has happened since. This is affecting my daily work.,"Reporting this again: My ticket keeps getting closed before the issue is actually resolved. Happening consistently, not a one-off.",not_duplicate,0.2645019590854645
56,Live chat support shows as available but no one ever responds.,Live chat support shows as available but no one ever responds.,duplicate,0.9892262816429138
57,Just ran into this once more: The authenticator app won't pair no matter how many times I scan the code. This is affecting my daily work.,"Update: Setting up two-factor authentication fails at the QR code step. Happening consistently, not a one-off.",duplicate,0.3533385097980499
58,"Following up on this: Account lockout triggered incorrectly and support hasn't unlocked it yet. Happening consistently, not a one-off.",This has come up again. Setting up two-factor authentication fails at the QR code step. This is affecting my daily work.,not_duplicate,0.2728978097438812
59,This has come up again. The cancel button on the billing page does nothing when clicked. Can someone confirm this is being looked at?,"Still happening - The cancel button on the billing page does nothing when clicked. Happening consistently, not a one-off.",duplicate,0.6972141265869141
60,Update: I cancelled weeks ago and still haven't received my refund. Can someone confirm this is being looked at?,This has come up again. Refund status shows completed but I don't see the amount in my bank. This is affecting my daily work.,duplicate,0.3680203855037689
61,Just ran into this once more: Generated invoices are missing the company billing address.,Update: The invoice doesn't show a proper tax breakdown for accounting purposes. This is affecting my daily work.,duplicate,0.4248468577861786
62,Still happening - Account lockout triggered incorrectly and support hasn't unlocked it yet. Please look into this soon.,Reporting this again: I was locked out of my account even though I entered the correct password.,duplicate,0.4247017502784729
63,I have to keep reopening the same ticket because it's never really fixed. This is affecting my daily work.,This has come up again. Support hasn't replied to my message even after multiple follow-ups.,not_duplicate,0.22773349285125732
64,"Following up on this: My account got locked after one failed login attempt, which seems wrong.","Just ran into this once more: App refuses to open, just crashes back to the home screen.",not_duplicate,0.16421064734458923
65,"Update: SAML login redirects back with an invalid token message. Happening consistently, not a one-off.",Reporting this again: Session keeps dying even while I'm actively typing.,not_duplicate,0.09058469533920288
66,My card keeps getting declined even though there are sufficient funds.,This has come up again. Payment fails at checkout despite the card working everywhere else.,duplicate,0.24060843884944916
67,"Update: Payment fails at checkout despite the card working everywhere else. Happening consistently, not a one-off.",Following up on this: My card keeps getting declined even though there are sufficient funds.,duplicate,0.2624156177043915
68,This has come up again. Tax ID isn't showing up anywhere on the downloaded invoice.,"Update: There's no way to bulk update multiple tickets at once, only one at a time.",not_duplicate,0.15884898602962494
69,"Following up on this: The app signs me out on its own, forcing me to log back in constantly.",Just ran into this once more: Session keeps dying even while I'm actively typing.,duplicate,0.23417456448078156
70,Reporting this again: Exporting reports to CSV fails every time I try.,"Following up on this: The export button doesn't do anything, no file gets downloaded. Please look into this soon.",duplicate,0.21356092393398285
71,The moment I open the app it force-closes.,"App refuses to open, just crashes back to the home screen. This is affecting my daily work.",duplicate,0.28526800870895386
72,Just ran into this once more: I tried to move to a higher tier and the transaction errors out. Can someone confirm this is being looked at?,This has come up again. Still waiting on a refund that was promised over two weeks ago.,not_duplicate,0.24214014410972595
73,"Just ran into this once more: Role permissions keep resetting to default after I configure them. Happening consistently, not a one-off.",Update: Our API integration stopped working after the last platform update. Please look into this soon.,not_duplicate,0.1874433010816574
74,"Just ran into this once more: I'm not getting notified when a new ticket is assigned to me. Happening consistently, not a one-off.","MFA enrollment keeps timing out before I can finish setup. Happening consistently, not a one-off.",not_duplicate,0.5644463300704956
75,Still happening - Cross-device sync just isn't happening anymore. Please look into this soon.,This has come up again. I keep getting disconnected and have to reload the page constantly.,not_duplicate,0.21519996225833893
76,Update: Our API integration stopped working after the last platform update.,Role permissions keep resetting to default after I configure them.,not_duplicate,0.17922869324684143
77,Role permissions keep resetting to default after I configure them.,"Reporting this again: I set a teammate's access level but it reverts back on its own. Happening consistently, not a one-off.",duplicate,0.22277763485908508
78,Reporting this again: I was locked out of my account even though I entered the correct password.,Following up on this: Account lockout triggered incorrectly and support hasn't unlocked it yet.,duplicate,0.5890253186225891
79,Following up on this: My account wallet balance is showing an incorrect amount. Can someone confirm this is being looked at?,Reporting this again: Wallet shows less credit than what was added last week. Can someone confirm this is being looked at?,duplicate,0.6078735589981079
80,Records updated by a teammate don't reflect on my screen without a manual refresh. Please look into this soon.,Following up on this: Sync between the web app and mobile app is broken. Can someone confirm this is being looked at?,duplicate,0.40874841809272766
81,Just ran into this once more: Exporting reports to CSV fails every time I try.,Following up on this: Our API integration stopped working after the last platform update.,not_duplicate,0.17468923330307007
82,Still happening - No OTP text message has come through after multiple retries.,Following up on this: Signing in fails every time because the SMS code doesn't arrive.,duplicate,0.21402643620967865
83,"Following up on this: The app signs me out on its own, forcing me to log back in constantly.",There's no way to actually cancel my subscription from the settings page.,not_duplicate,0.24956011772155762
84,Just ran into this once more: Generated invoices are missing the company billing address.,Following up on this: The analytics dashboard is showing numbers that don't match reality.,not_duplicate,0.28136953711509705
85,Refund request was accepted but nothing has actually been credited.,"Update: Refund request was accepted but nothing has actually been credited. Happening consistently, not a one-off.",duplicate,0.7377263307571411
86,"My account got locked after one failed login attempt, which seems wrong.",Just ran into this once more: I was locked out of my account even though I entered the correct password.,duplicate,0.515277624130249
87,Update: I have to keep reopening the same ticket because it's never really fixed. Can someone confirm this is being looked at?,"My ticket keeps getting closed before the issue is actually resolved. Happening consistently, not a one-off.",duplicate,0.5548805594444275
88,Just ran into this once more: Got a copy-pasted response that had nothing to do with my actual question.,Reporting this again: The agent closed my ticket without actually fixing anything. This is affecting my daily work.,duplicate,0.3047935664653778
89,This has come up again. MFA enrollment keeps timing out before I can finish setup.,The authenticator app won't pair no matter how many times I scan the code.,duplicate,0.08340717852115631
90,This has come up again. I keep getting logged out randomly in the middle of work.,Reporting this again: Chat support just gave generic answers that didn't address my issue. Can someone confirm this is being looked at?,not_duplicate,0.25280681252479553
91,Data updated on desktop doesn't show up on mobile until much later.,"Invoice PDF is incomplete, some line items are blank.",not_duplicate,0.049288321286439896
92,"The dashboard takes over a minute to load basic data. Happening consistently, not a one-off.","Dashboard is lagging badly, barely usable during peak hours.",duplicate,0.22500158846378326
93,"Performance has gotten really bad, pages hang for a long time before loading.","Update: Everything is painfully slow, loading a single page takes forever. Please look into this soon.",duplicate,0.3682973384857178
94,Still happening - The connection keeps dropping while I'm using the app.,The connection keeps dropping while I'm using the app.,duplicate,0.979464054107666
95,There's no way to actually cancel my subscription from the settings page.,Reporting this again: There's no way to actually cancel my subscription from the settings page. Please look into this soon.,duplicate,0.8630838394165039
96,Reporting this again: API calls are returning errors that weren't happening before. This is affecting my daily work.,Still happening - Two-factor login is stuck because the code never shows up. Can someone confirm this is being looked at?,not_duplicate,0.19385775923728943
97,Still happening - The connection keeps dropping while I'm using the app.,Update: The invoice doesn't show a proper tax breakdown for accounting purposes.,not_duplicate,0.03300393745303154
98,Update: Records updated by a teammate don't reflect on my screen without a manual refresh. This is affecting my daily work.,"Just ran into this once more: Changes I make aren't syncing across devices. Happening consistently, not a one-off.",duplicate,0.2881101965904236
99,"Following up on this: Changing my login email fails with a generic error every time. Happening consistently, not a one-off.",Reporting this again: I can't update the email address linked to my account. Please look into this soon.,duplicate,0.40978744626045227
100,"The password reset link in the email doesn't work, it just shows an error page.","This has come up again. I cancelled weeks ago and still haven't received my refund. Happening consistently, not a one-off.",not_duplicate,0.0652129128575325
101,"The moment I open the app it force-closes. Happening consistently, not a one-off.","This has come up again. Dashboard is lagging badly, barely usable during peak hours. This is affecting my daily work.",not_duplicate,0.1307058483362198
102,My card shows two separate charges for one invoice.,Following up on this: The analytics dashboard is showing numbers that don't match reality.,not_duplicate,0.09584281593561172
103,Still happening - Trying to log in via our identity provider throws a token error.,No OTP text message has come through after multiple retries.,not_duplicate,0.1494850516319275
104,Just ran into this once more: Radio silence from support since I opened this ticket.,This has come up again. Radio silence from support since I opened this ticket.,duplicate,0.9746853709220886
105,I'm still waiting on any response from the support team. Can someone confirm this is being looked at?,Still happening - Requested a manager review three times with no follow-up at all. This is affecting my daily work.,not_duplicate,0.2925802171230316
106,Reporting this again: Exporting reports to CSV fails every time I try.,Just ran into this once more: CSV export has been broken for me the past few days.,duplicate,0.7284049987792969
107,Reporting this again: Trying to export data throws an error and nothing downloads. Can someone confirm this is being looked at?,"This has come up again. The export button doesn't do anything, no file gets downloaded.",duplicate,0.7767987847328186
108,Just ran into this once more: There's a duplicate charge on my statement for this plan. Can someone confirm this is being looked at?,"Update: Refund request was accepted but nothing has actually been credited. Happening consistently, not a one-off.",not_duplicate,0.12863387167453766
109,This has come up again. SAML login redirects back with an invalid token message.,Still happening - Trying to log in via our identity provider throws a token error.,duplicate,0.48880502581596375
110,This has come up again. Plan upgrade charged my card but didn't actually upgrade the account. This is affecting my daily work.,Upgrade button just spins forever and never completes.,duplicate,0.3010220527648926
111,Update: Cross-device sync just isn't happening anymore. Can someone confirm this is being looked at?,"Reporting this again: This version introduced a bug that wasn't there before the update. Happening consistently, not a one-off.",not_duplicate,0.24696409702301025
112,"No OTP text message has come through after multiple retries. Happening consistently, not a one-off.",My session expires every few minutes even though I'm active. This is affecting my daily work.,not_duplicate,0.15185195207595825
113,"Reporting this again: There's no way to bulk update multiple tickets at once, only one at a time.","Reporting this again: I set a teammate's access level but it reverts back on its own. Happening consistently, not a one-off.",not_duplicate,0.22679349780082703
114,Just ran into this once more: Got a copy-pasted response that had nothing to do with my actual question.,Update: Chat support just gave generic answers that didn't address my issue.,duplicate,0.3978842496871948
115,Update: Refund status shows completed but I don't see the amount in my bank.,Update: Generated invoices are missing the company billing address. Can someone confirm this is being looked at?,not_duplicate,0.17049291729927063
116,The application crashes immediately every time I open it.,"Following up on this: It crashes on startup on my device, happens every single time. Can someone confirm this is being looked at?",duplicate,0.5078368186950684
117,Radio silence from support since I opened this ticket. Can someone confirm this is being looked at?,Reporting this again: Support marks the ticket as resolved but the problem is still there.,not_duplicate,0.36044731736183167
118,Just ran into this once more: Uploading a screenshot to a ticket just hangs and never finishes. Can someone confirm this is being looked at?,Uploading a screenshot to a ticket just hangs and never finishes.,duplicate,0.8307135701179504
119,"Reporting this again: There's no way to bulk update multiple tickets at once, only one at a time.",Reporting this again: Bulk actions on the tickets list just don't apply to anything selected.,duplicate,0.6469336152076721
120,I was charged twice for the same subscription this month. Please look into this soon.,I was charged twice for the same subscription this month. Please look into this soon.,duplicate,0.9886532425880432
121,Following up on this: Uploading a screenshot to a ticket just hangs and never finishes.,Uploading a screenshot to a ticket just hangs and never finishes.,duplicate,0.9600845575332642
122,Still happening - The connection keeps dropping while I'm using the app.,"Data updated on desktop doesn't show up on mobile until much later. Happening consistently, not a one-off.",not_duplicate,0.21569624543190002
123,"Still happening - I asked to escalate this issue and nothing has happened since. Happening consistently, not a one-off.","Chat support just gave generic answers that didn't address my issue. Happening consistently, not a one-off.",not_duplicate,0.4932042956352234
124,Reporting this again: I'm still waiting on any response from the support team. Can someone confirm this is being looked at?,This has come up again. Support hasn't replied to my message even after multiple follow-ups.,duplicate,0.5422546863555908
125,Support marks the ticket as resolved but the problem is still there.,I have to keep reopening the same ticket because it's never really fixed. This is affecting my daily work.,duplicate,0.3795384168624878
126,Just ran into this once more: Single sign-on through our company account fails with an authentication error.,SSO login just spins and never completes.,duplicate,0.3346392512321472
127,Following up on this: API calls are returning errors that weren't happening before.,Just ran into this once more: Bulk actions on the tickets list just don't apply to anything selected.,not_duplicate,0.14425714313983917
128,"This has come up again. The export button doesn't do anything, no file gets downloaded. Can someone confirm this is being looked at?",API calls are returning errors that weren't happening before.,not_duplicate,0.2160048484802246
129,Reporting this again: The chat widget just sits there with no agent picking it up. Can someone confirm this is being looked at?,Just ran into this once more: Live chat support shows as available but no one ever responds.,duplicate,0.47685733437538147
130,"No OTP text message has come through after multiple retries. Happening consistently, not a one-off.",Requested a manager review three times with no follow-up at all.,not_duplicate,0.17824675142765045
131,Update: Our API integration stopped working after the last platform update.,Still happening - The webhook integration isn't firing events anymore. Please look into this soon.,duplicate,0.2055082619190216
132,Following up on this: Payment fails at checkout despite the card working everywhere else.,Following up on this: Billing deducted the amount twice in the same billing cycle. This is affecting my daily work.,not_duplicate,0.21132902801036835
133,"Update: I clicked forgot password and the reset link is broken. Happening consistently, not a one-off.",Got flagged as suspicious and locked out for no real reason. Please look into this soon.,not_duplicate,0.13911913335323334
134,Reporting this again: My account wallet balance is showing an incorrect amount. Can someone confirm this is being looked at?,Wallet shows less credit than what was added last week. This is affecting my daily work.,duplicate,0.40432828664779663
135,Following up on this: Requested a manager review three times with no follow-up at all.,Update: I asked to escalate this issue and nothing has happened since.,duplicate,0.17628471553325653
136,Something in the newest release broke a workflow I rely on daily. This is affecting my daily work.,Something in the newest release broke a workflow I rely on daily.,duplicate,0.9149685502052307
137,Following up on this: Reset password flow throws a 404 as soon as I click the emailed link.,"Just ran into this once more: Can't reset my password, the link expires instantly. Can someone confirm this is being looked at?",duplicate,0.4768488109111786
138,There's a duplicate charge on my statement for this plan.,"Just ran into this once more: App refuses to open, just crashes back to the home screen.",not_duplicate,0.04385827109217644
139,I was charged twice for the same subscription this month. Please look into this soon.,Just ran into this once more: Search returns no results even for terms I know exist in my tickets.,not_duplicate,0.11465262621641159
140,"Still happening - Refund status shows completed but I don't see the amount in my bank. Happening consistently, not a one-off.",The credit balance doesn't match what I actually topped up. Please look into this soon.,not_duplicate,0.23914293944835663
141,Still happening - The dashboard takes over a minute to load basic data. This is affecting my daily work.,My card shows two separate charges for one invoice. This is affecting my daily work.,not_duplicate,0.32110166549682617
142,"Reporting this again: My ticket keeps getting closed before the issue is actually resolved. Happening consistently, not a one-off.",Chat support just gave generic answers that didn't address my issue.,not_duplicate,0.17319869995117188
143,This has come up again. API responses started returning malformed data out of nowhere. Can someone confirm this is being looked at?,API calls are returning errors that weren't happening before.,duplicate,0.7052607536315918
144,"The verification code never arrived on my phone, so I can't sign in. Happening consistently, not a one-off.","Password reset email arrives but the link leads to a blank screen. Happening consistently, not a one-off.",not_duplicate,0.5575225949287415
145,I'm still waiting on any response from the support team.,Update: The invoice doesn't show a proper tax breakdown for accounting purposes. This is affecting my daily work.,not_duplicate,0.061048805713653564
146,Reporting this again: I'm not getting notified when a new ticket is assigned to me. Please look into this soon.,"Still happening - Notification alerts for updates have completely stopped coming through. Happening consistently, not a one-off.",duplicate,0.19628849625587463
147,Export just spins indefinitely and never produces a file. Please look into this soon.,Role permissions keep resetting to default after I configure them.,not_duplicate,0.05500423535704613
148,This has come up again. The cancel button on the billing page does nothing when clicked. Can someone confirm this is being looked at?,"Still happening - Invoice PDF is incomplete, some line items are blank. Can someone confirm this is being looked at?",not_duplicate,0.4504433274269104
149,"Reporting this again: This version introduced a bug that wasn't there before the update. Happening consistently, not a one-off.",This has come up again. The latest update broke a feature that was working fine before. Can someone confirm this is being looked at?,duplicate,0.6479669809341431
150,"Reporting this again: I set a teammate's access level but it reverts back on its own. Happening consistently, not a one-off.",Following up on this: API calls are returning errors that weren't happening before.,not_duplicate,0.2741870582103729
