pair_id,source,pair_type,text_a,text_b,issue_id_a,issue_id_b,department_a,department_b,true_label
1,synthetic,easy_negative,The analytics dashboard is showing numbers that don't match reality. This is affecting my daily work.,Still happening - Got flagged as suspicious and locked out for no real reason.,analytics_data_wrong,account_locked_incorrectly,Platform,Authentication,not_duplicate
2,synthetic,positive,"Following up on this: Changing my login email fails with a generic error every time. Happening consistently, not a one-off.",Update: I can't update the email address linked to my account. This is affecting my daily work.,cant_change_email,cant_change_email,Authentication,Authentication,duplicate
3,synthetic,hard_negative,Following up on this: Something in the newest release broke a workflow I rely on daily. This is affecting my daily work.,Following up on this: Data updated on desktop doesn't show up on mobile until much later. This is affecting my daily work.,update_broke_feature,sync_not_updating,Engineering,Engineering,not_duplicate
4,synthetic,hard_negative,"MFA enrollment keeps timing out before I can finish setup. Happening consistently, not a one-off.",Just ran into this once more: Session keeps dying even while I'm actively typing.,mfa_setup_fails,session_logs_out_randomly,Authentication,Authentication,not_duplicate
5,synthetic,positive,Still happening - Requested a manager review three times with no follow-up at all. This is affecting my daily work.,Following up on this: I asked to escalate this issue and nothing has happened since.,escalation_ignored,escalation_ignored,Customer Success,Customer Success,duplicate
6,synthetic,positive,"No alerts are sent when a ticket status changes, I have to check manually.",Just ran into this once more: Notification alerts for updates have completely stopped coming through.,notifications_not_sent,notifications_not_sent,Platform,Platform,duplicate
7,synthetic,positive,Just ran into this once more: Search returns no results even for terms I know exist in my tickets.,Still happening - Search returns no results even for terms I know exist in my tickets. Can someone confirm this is being looked at?,search_returns_nothing,search_returns_nothing,Engineering,Engineering,duplicate
8,synthetic,easy_negative,"Still happening - Invoice PDF is incomplete, some line items are blank. Can someone confirm this is being looked at?",Following up on this: API responses started returning malformed data out of nowhere. Can someone confirm this is being looked at?,invoice_missing_details,api_integration_broken,Payments,Platform,not_duplicate
9,synthetic,hard_negative,Following up on this: The agent closed my ticket without actually fixing anything.,Update: My ticket keeps getting closed before the issue is actually resolved.,agent_unhelpful,ticket_reopened_repeatedly,Customer Success,Customer Success,not_duplicate
10,synthetic,positive,Just ran into this once more: Got a copy-pasted response that had nothing to do with my actual question.,This has come up again. The support agent I spoke to didn't actually solve my problem. This is affecting my daily work.,agent_unhelpful,agent_unhelpful,Customer Success,Customer Success,duplicate
11,synthetic,easy_negative,"Random logouts are happening throughout the day, very disruptive. Please look into this soon.",Still happening - Tax ID isn't showing up anywhere on the downloaded invoice. Please look into this soon.,session_logs_out_randomly,invoice_missing_details,Authentication,Payments,not_duplicate
12,synthetic,hard_negative,Session keeps dying even while I'm actively typing. This is affecting my daily work.,Following up on this: Account lockout triggered incorrectly and support hasn't unlocked it yet.,session_logs_out_randomly,account_locked_incorrectly,Authentication,Authentication,not_duplicate
13,synthetic,hard_negative,"Following up on this: It crashes on startup on my device, happens every single time. Can someone confirm this is being looked at?",Data updated on desktop doesn't show up on mobile until much later. Please look into this soon.,app_crashes_on_open,sync_not_updating,Engineering,Engineering,not_duplicate
14,synthetic,positive,"No alerts are sent when a ticket status changes, I have to check manually.","Still happening - Push notifications just stopped working a week ago. Happening consistently, not a one-off.",notifications_not_sent,notifications_not_sent,Platform,Platform,duplicate
15,synthetic,positive,The moment I open the app it force-closes.,Still happening - The moment I open the app it force-closes.,app_crashes_on_open,app_crashes_on_open,Engineering,Engineering,duplicate
16,synthetic,easy_negative,"Just ran into this once more: Cross-device sync just isn't happening anymore. Happening consistently, not a one-off.",The refund was approved but the money never came back to my account.,sync_not_updating,refund_not_processed,Engineering,Payments,not_duplicate
17,synthetic,hard_negative,"Still happening - Exporting reports to CSV fails every time I try. Happening consistently, not a one-off.",Following up on this: API calls are returning errors that weren't happening before.,export_fails,api_integration_broken,Platform,Platform,not_duplicate
18,synthetic,easy_negative,Reporting this again: The agent closed my ticket without actually fixing anything. This is affecting my daily work.,This has come up again. CSV export has been broken for me the past few days.,agent_unhelpful,export_fails,Customer Success,Platform,not_duplicate
19,synthetic,hard_negative,Still happening - No one has responded to my request for help yet. This is affecting my daily work.,Following up on this: I asked to escalate this issue and nothing has happened since.,no_response_from_support,escalation_ignored,Customer Success,Customer Success,not_duplicate
20,synthetic,positive,Following up on this: I tried to move to a higher tier and the transaction errors out. Can someone confirm this is being looked at?,This has come up again. Upgrading my plan keeps failing at the payment step.,subscription_upgrade_failed,subscription_upgrade_failed,Payments,Payments,duplicate
21,synthetic,positive,This has come up again. I submitted a support ticket three days ago and haven't heard back. This is affecting my daily work.,I'm still waiting on any response from the support team.,no_response_from_support,no_response_from_support,Customer Success,Customer Success,duplicate
22,synthetic,positive,Following up on this: Analytics figures seem to be miscalculated compared to raw data. Please look into this soon.,Following up on this: The analytics dashboard is showing numbers that don't match reality.,analytics_data_wrong,analytics_data_wrong,Platform,Platform,duplicate
23,synthetic,hard_negative,"I submitted a support ticket three days ago and haven't heard back. Happening consistently, not a one-off.",Still happening - Live chat support shows as available but no one ever responds.,no_response_from_support,live_chat_unavailable,Customer Success,Customer Success,not_duplicate
24,synthetic,hard_negative,Reporting this again: I keep getting disconnected and have to reload the page constantly.,"Performance has gotten really bad, pages hang for a long time before loading.",connection_drops_frequently,dashboard_extremely_slow,Engineering,Engineering,not_duplicate
25,synthetic,positive,My session expires every few minutes even though I'm active. Please look into this soon.,Just ran into this once more: I keep getting logged out randomly in the middle of work.,session_logs_out_randomly,session_logs_out_randomly,Authentication,Authentication,duplicate
26,synthetic,hard_negative,Update: I cancelled weeks ago and still haven't received my refund.,Update: There's a duplicate charge on my statement for this plan.,refund_not_processed,double_charged,Payments,Payments,not_duplicate
27,synthetic,easy_negative,"OTP delivery is broken, I've waited 20 minutes and nothing came through. Please look into this soon.",Still happening - File attachments fail to upload no matter the file size. This is affecting my daily work.,login_otp_not_received,attachments_fail_to_upload,Authentication,Engineering,not_duplicate
28,synthetic,positive,Still happening - Network connection drops randomly during active use. Can someone confirm this is being looked at?,Reporting this again: Network connection drops randomly during active use.,connection_drops_frequently,connection_drops_frequently,Engineering,Engineering,duplicate
29,synthetic,hard_negative,"This has come up again. After updating the app, a core feature stopped working entirely. Happening consistently, not a one-off.",Just ran into this once more: The connection keeps dropping while I'm using the app. Please look into this soon.,update_broke_feature,connection_drops_frequently,Engineering,Engineering,not_duplicate
30,synthetic,hard_negative,Update: The invoice doesn't show a proper tax breakdown for accounting purposes.,My card keeps getting declined even though there are sufficient funds.,invoice_missing_details,card_declined_incorrectly,Payments,Payments,not_duplicate
31,synthetic,positive,I set a teammate's access level but it reverts back on its own.,This has come up again. Permission changes I make for team members don't save.,permissions_not_saving,permissions_not_saving,Platform,Platform,duplicate
32,synthetic,positive,"This has come up again. I never received the OTP when trying to log in. Happening consistently, not a one-off.","The verification code never arrived on my phone, so I can't sign in.",login_otp_not_received,login_otp_not_received,Authentication,Authentication,duplicate
33,synthetic,positive,"The dashboard takes over a minute to load basic data. Happening consistently, not a one-off.","Loading times have gotten unbearable over the last few weeks. Happening consistently, not a one-off.",dashboard_extremely_slow,dashboard_extremely_slow,Engineering,Engineering,duplicate
34,synthetic,hard_negative,Reporting this again: I submitted a support ticket three days ago and haven't heard back.,Support marks the ticket as resolved but the problem is still there.,no_response_from_support,ticket_reopened_repeatedly,Customer Success,Customer Success,not_duplicate
35,synthetic,positive,I was charged twice for the same subscription this month. Please look into this soon.,Billing deducted the amount twice in the same billing cycle. This is affecting my daily work.,double_charged,double_charged,Payments,Payments,duplicate
36,synthetic,easy_negative,Sync between the web app and mobile app is broken.,Reporting this again: Support marks the ticket as resolved but the problem is still there.,sync_not_updating,ticket_reopened_repeatedly,Engineering,Customer Success,not_duplicate
37,synthetic,hard_negative,Two-factor login is stuck because the code never shows up. Please look into this soon.,My session expires every few minutes even though I'm active. This is affecting my daily work.,login_otp_not_received,session_logs_out_randomly,Authentication,Authentication,not_duplicate
38,synthetic,hard_negative,Reporting this again: Sync between the web app and mobile app is broken.,"Loading times have gotten unbearable over the last few weeks. Happening consistently, not a one-off.",sync_not_updating,dashboard_extremely_slow,Engineering,Engineering,not_duplicate
39,synthetic,hard_negative,Export just spins indefinitely and never produces a file.,Reporting this again: API calls are returning errors that weren't happening before. This is affecting my daily work.,export_fails,api_integration_broken,Platform,Platform,not_duplicate
40,synthetic,positive,"Still happening - Two-factor login is stuck because the code never shows up. Happening consistently, not a one-off.",Two-factor login is stuck because the code never shows up. Please look into this soon.,login_otp_not_received,login_otp_not_received,Authentication,Authentication,duplicate
41,synthetic,hard_negative,"Still happening - Invoice PDF is incomplete, some line items are blank. Can someone confirm this is being looked at?",Refund request was accepted but nothing has actually been credited.,invoice_missing_details,refund_not_processed,Payments,Payments,not_duplicate
42,synthetic,positive,Bulk actions on the tickets list just don't apply to anything selected. Can someone confirm this is being looked at?,Reporting this again: Bulk actions on the tickets list just don't apply to anything selected.,cant_bulk_edit,cant_bulk_edit,Platform,Platform,duplicate
43,synthetic,positive,Update: The search bar just comes back empty no matter what I type. This is affecting my daily work.,Update: Search returns no results even for terms I know exist in my tickets. Please look into this soon.,search_returns_nothing,search_returns_nothing,Engineering,Engineering,duplicate
44,synthetic,positive,Reporting this again: Requested a manager review three times with no follow-up at all.,This has come up again. I asked to escalate this issue and nothing has happened since. This is affecting my daily work.,escalation_ignored,escalation_ignored,Customer Success,Customer Success,duplicate
45,synthetic,easy_negative,Still happening - Changes I make aren't syncing across devices.,Still happening - The support agent I spoke to didn't actually solve my problem.,sync_not_updating,agent_unhelpful,Engineering,Customer Success,not_duplicate
46,synthetic,hard_negative,"Performance has gotten really bad, pages hang for a long time before loading.","Network connection drops randomly during active use. Happening consistently, not a one-off.",dashboard_extremely_slow,connection_drops_frequently,Engineering,Engineering,not_duplicate
47,synthetic,hard_negative,Still happening - Got billed two times for a single month of service.,Just ran into this once more: Still waiting on a refund that was promised over two weeks ago.,double_charged,refund_not_processed,Payments,Payments,not_duplicate
48,synthetic,positive,Just ran into this once more: I clicked forgot password and the reset link is broken. Can someone confirm this is being looked at?,Update: I clicked forgot password and the reset link is broken.,password_reset_broken,password_reset_broken,Authentication,Authentication,duplicate
49,synthetic,easy_negative,Following up on this: Setting up two-factor authentication fails at the QR code step. This is affecting my daily work.,Upgrading my plan keeps failing at the payment step.,mfa_setup_fails,subscription_upgrade_failed,Authentication,Payments,not_duplicate
50,synthetic,positive,Report totals in the dashboard don't add up correctly. Can someone confirm this is being looked at?,The analytics dashboard is showing numbers that don't match reality. This is affecting my daily work.,analytics_data_wrong,analytics_data_wrong,Platform,Platform,duplicate
51,synthetic,hard_negative,Reporting this again: Got flagged as suspicious and locked out for no real reason. This is affecting my daily work.,I clicked forgot password and the reset link is broken. Please look into this soon.,account_locked_incorrectly,password_reset_broken,Authentication,Authentication,not_duplicate
52,synthetic,positive,Still happening - Generated invoices are missing the company billing address. Can someone confirm this is being looked at?,Update: The invoice doesn't show a proper tax breakdown for accounting purposes. This is affecting my daily work.,invoice_missing_details,invoice_missing_details,Payments,Payments,duplicate
53,synthetic,positive,Still happening - Live chat support shows as available but no one ever responds.,Still happening - The chat widget just sits there with no agent picking it up. Please look into this soon.,live_chat_unavailable,live_chat_unavailable,Customer Success,Customer Success,duplicate
54,synthetic,positive,File attachments fail to upload no matter the file size. Can someone confirm this is being looked at?,Uploading a screenshot to a ticket just hangs and never finishes.,attachments_fail_to_upload,attachments_fail_to_upload,Engineering,Engineering,duplicate
55,synthetic,hard_negative,This has come up again. I asked to escalate this issue and nothing has happened since. This is affecting my daily work.,"Reporting this again: My ticket keeps getting closed before the issue is actually resolved. Happening consistently, not a one-off.",escalation_ignored,ticket_reopened_repeatedly,Customer Success,Customer Success,not_duplicate
56,synthetic,positive,Live chat support shows as available but no one ever responds.,Live chat support shows as available but no one ever responds.,live_chat_unavailable,live_chat_unavailable,Customer Success,Customer Success,duplicate
57,synthetic,positive,Just ran into this once more: The authenticator app won't pair no matter how many times I scan the code. This is affecting my daily work.,"Update: Setting up two-factor authentication fails at the QR code step. Happening consistently, not a one-off.",mfa_setup_fails,mfa_setup_fails,Authentication,Authentication,duplicate
58,synthetic,hard_negative,"Following up on this: Account lockout triggered incorrectly and support hasn't unlocked it yet. Happening consistently, not a one-off.",This has come up again. Setting up two-factor authentication fails at the QR code step. This is affecting my daily work.,account_locked_incorrectly,mfa_setup_fails,Authentication,Authentication,not_duplicate
59,synthetic,positive,This has come up again. The cancel button on the billing page does nothing when clicked. Can someone confirm this is being looked at?,"Still happening - The cancel button on the billing page does nothing when clicked. Happening consistently, not a one-off.",cannot_cancel_subscription,cannot_cancel_subscription,Payments,Payments,duplicate
60,synthetic,positive,Update: I cancelled weeks ago and still haven't received my refund. Can someone confirm this is being looked at?,This has come up again. Refund status shows completed but I don't see the amount in my bank. This is affecting my daily work.,refund_not_processed,refund_not_processed,Payments,Payments,duplicate
61,synthetic,positive,Just ran into this once more: Generated invoices are missing the company billing address.,Update: The invoice doesn't show a proper tax breakdown for accounting purposes. This is affecting my daily work.,invoice_missing_details,invoice_missing_details,Payments,Payments,duplicate
62,synthetic,positive,Still happening - Account lockout triggered incorrectly and support hasn't unlocked it yet. Please look into this soon.,Reporting this again: I was locked out of my account even though I entered the correct password.,account_locked_incorrectly,account_locked_incorrectly,Authentication,Authentication,duplicate
63,synthetic,hard_negative,I have to keep reopening the same ticket because it's never really fixed. This is affecting my daily work.,This has come up again. Support hasn't replied to my message even after multiple follow-ups.,ticket_reopened_repeatedly,no_response_from_support,Customer Success,Customer Success,not_duplicate
64,synthetic,easy_negative,"Following up on this: My account got locked after one failed login attempt, which seems wrong.","Just ran into this once more: App refuses to open, just crashes back to the home screen.",account_locked_incorrectly,app_crashes_on_open,Authentication,Engineering,not_duplicate
65,synthetic,hard_negative,"Update: SAML login redirects back with an invalid token message. Happening consistently, not a one-off.",Reporting this again: Session keeps dying even while I'm actively typing.,sso_login_fails,session_logs_out_randomly,Authentication,Authentication,not_duplicate
66,synthetic,positive,My card keeps getting declined even though there are sufficient funds.,This has come up again. Payment fails at checkout despite the card working everywhere else.,card_declined_incorrectly,card_declined_incorrectly,Payments,Payments,duplicate
67,synthetic,positive,"Update: Payment fails at checkout despite the card working everywhere else. Happening consistently, not a one-off.",Following up on this: My card keeps getting declined even though there are sufficient funds.,card_declined_incorrectly,card_declined_incorrectly,Payments,Payments,duplicate
68,synthetic,easy_negative,This has come up again. Tax ID isn't showing up anywhere on the downloaded invoice.,"Update: There's no way to bulk update multiple tickets at once, only one at a time.",invoice_missing_details,cant_bulk_edit,Payments,Platform,not_duplicate
69,synthetic,positive,"Following up on this: The app signs me out on its own, forcing me to log back in constantly.",Just ran into this once more: Session keeps dying even while I'm actively typing.,session_logs_out_randomly,session_logs_out_randomly,Authentication,Authentication,duplicate
70,synthetic,positive,Reporting this again: Exporting reports to CSV fails every time I try.,"Following up on this: The export button doesn't do anything, no file gets downloaded. Please look into this soon.",export_fails,export_fails,Platform,Platform,duplicate
71,synthetic,positive,The moment I open the app it force-closes.,"App refuses to open, just crashes back to the home screen. This is affecting my daily work.",app_crashes_on_open,app_crashes_on_open,Engineering,Engineering,duplicate
72,synthetic,hard_negative,Just ran into this once more: I tried to move to a higher tier and the transaction errors out. Can someone confirm this is being looked at?,This has come up again. Still waiting on a refund that was promised over two weeks ago.,subscription_upgrade_failed,refund_not_processed,Payments,Payments,not_duplicate
73,synthetic,hard_negative,"Just ran into this once more: Role permissions keep resetting to default after I configure them. Happening consistently, not a one-off.",Update: Our API integration stopped working after the last platform update. Please look into this soon.,permissions_not_saving,api_integration_broken,Platform,Platform,not_duplicate
74,synthetic,easy_negative,"Just ran into this once more: I'm not getting notified when a new ticket is assigned to me. Happening consistently, not a one-off.","MFA enrollment keeps timing out before I can finish setup. Happening consistently, not a one-off.",notifications_not_sent,mfa_setup_fails,Platform,Authentication,not_duplicate
75,synthetic,hard_negative,Still happening - Cross-device sync just isn't happening anymore. Please look into this soon.,This has come up again. I keep getting disconnected and have to reload the page constantly.,sync_not_updating,connection_drops_frequently,Engineering,Engineering,not_duplicate
76,synthetic,hard_negative,Update: Our API integration stopped working after the last platform update.,Role permissions keep resetting to default after I configure them.,api_integration_broken,permissions_not_saving,Platform,Platform,not_duplicate
77,synthetic,positive,Role permissions keep resetting to default after I configure them.,"Reporting this again: I set a teammate's access level but it reverts back on its own. Happening consistently, not a one-off.",permissions_not_saving,permissions_not_saving,Platform,Platform,duplicate
78,synthetic,positive,Reporting this again: I was locked out of my account even though I entered the correct password.,Following up on this: Account lockout triggered incorrectly and support hasn't unlocked it yet.,account_locked_incorrectly,account_locked_incorrectly,Authentication,Authentication,duplicate
79,synthetic,positive,Following up on this: My account wallet balance is showing an incorrect amount. Can someone confirm this is being looked at?,Reporting this again: Wallet shows less credit than what was added last week. Can someone confirm this is being looked at?,wallet_balance_incorrect,wallet_balance_incorrect,Payments,Payments,duplicate
80,synthetic,positive,Records updated by a teammate don't reflect on my screen without a manual refresh. Please look into this soon.,Following up on this: Sync between the web app and mobile app is broken. Can someone confirm this is being looked at?,sync_not_updating,sync_not_updating,Engineering,Engineering,duplicate
81,synthetic,hard_negative,Just ran into this once more: Exporting reports to CSV fails every time I try.,Following up on this: Our API integration stopped working after the last platform update.,export_fails,api_integration_broken,Platform,Platform,not_duplicate
82,synthetic,positive,Still happening - No OTP text message has come through after multiple retries.,Following up on this: Signing in fails every time because the SMS code doesn't arrive.,login_otp_not_received,login_otp_not_received,Authentication,Authentication,duplicate
83,synthetic,easy_negative,"Following up on this: The app signs me out on its own, forcing me to log back in constantly.",There's no way to actually cancel my subscription from the settings page.,session_logs_out_randomly,cannot_cancel_subscription,Authentication,Payments,not_duplicate
84,synthetic,easy_negative,Just ran into this once more: Generated invoices are missing the company billing address.,Following up on this: The analytics dashboard is showing numbers that don't match reality.,invoice_missing_details,analytics_data_wrong,Payments,Platform,not_duplicate
85,synthetic,positive,Refund request was accepted but nothing has actually been credited.,"Update: Refund request was accepted but nothing has actually been credited. Happening consistently, not a one-off.",refund_not_processed,refund_not_processed,Payments,Payments,duplicate
86,synthetic,positive,"My account got locked after one failed login attempt, which seems wrong.",Just ran into this once more: I was locked out of my account even though I entered the correct password.,account_locked_incorrectly,account_locked_incorrectly,Authentication,Authentication,duplicate
87,synthetic,positive,Update: I have to keep reopening the same ticket because it's never really fixed. Can someone confirm this is being looked at?,"My ticket keeps getting closed before the issue is actually resolved. Happening consistently, not a one-off.",ticket_reopened_repeatedly,ticket_reopened_repeatedly,Customer Success,Customer Success,duplicate
88,synthetic,positive,Just ran into this once more: Got a copy-pasted response that had nothing to do with my actual question.,Reporting this again: The agent closed my ticket without actually fixing anything. This is affecting my daily work.,agent_unhelpful,agent_unhelpful,Customer Success,Customer Success,duplicate
89,synthetic,positive,This has come up again. MFA enrollment keeps timing out before I can finish setup.,The authenticator app won't pair no matter how many times I scan the code.,mfa_setup_fails,mfa_setup_fails,Authentication,Authentication,duplicate
90,synthetic,easy_negative,This has come up again. I keep getting logged out randomly in the middle of work.,Reporting this again: Chat support just gave generic answers that didn't address my issue. Can someone confirm this is being looked at?,session_logs_out_randomly,agent_unhelpful,Authentication,Customer Success,not_duplicate
91,synthetic,easy_negative,Data updated on desktop doesn't show up on mobile until much later.,"Invoice PDF is incomplete, some line items are blank.",sync_not_updating,invoice_missing_details,Engineering,Payments,not_duplicate
92,synthetic,positive,"The dashboard takes over a minute to load basic data. Happening consistently, not a one-off.","Dashboard is lagging badly, barely usable during peak hours.",dashboard_extremely_slow,dashboard_extremely_slow,Engineering,Engineering,duplicate
93,synthetic,positive,"Performance has gotten really bad, pages hang for a long time before loading.","Update: Everything is painfully slow, loading a single page takes forever. Please look into this soon.",dashboard_extremely_slow,dashboard_extremely_slow,Engineering,Engineering,duplicate
94,synthetic,positive,Still happening - The connection keeps dropping while I'm using the app.,The connection keeps dropping while I'm using the app.,connection_drops_frequently,connection_drops_frequently,Engineering,Engineering,duplicate
95,synthetic,positive,There's no way to actually cancel my subscription from the settings page.,Reporting this again: There's no way to actually cancel my subscription from the settings page. Please look into this soon.,cannot_cancel_subscription,cannot_cancel_subscription,Payments,Payments,duplicate
96,synthetic,easy_negative,Reporting this again: API calls are returning errors that weren't happening before. This is affecting my daily work.,Still happening - Two-factor login is stuck because the code never shows up. Can someone confirm this is being looked at?,api_integration_broken,login_otp_not_received,Platform,Authentication,not_duplicate
97,synthetic,easy_negative,Still happening - The connection keeps dropping while I'm using the app.,Update: The invoice doesn't show a proper tax breakdown for accounting purposes.,connection_drops_frequently,invoice_missing_details,Engineering,Payments,not_duplicate
98,synthetic,positive,Update: Records updated by a teammate don't reflect on my screen without a manual refresh. This is affecting my daily work.,"Just ran into this once more: Changes I make aren't syncing across devices. Happening consistently, not a one-off.",sync_not_updating,sync_not_updating,Engineering,Engineering,duplicate
99,synthetic,positive,"Following up on this: Changing my login email fails with a generic error every time. Happening consistently, not a one-off.",Reporting this again: I can't update the email address linked to my account. Please look into this soon.,cant_change_email,cant_change_email,Authentication,Authentication,duplicate
100,synthetic,easy_negative,"The password reset link in the email doesn't work, it just shows an error page.","This has come up again. I cancelled weeks ago and still haven't received my refund. Happening consistently, not a one-off.",password_reset_broken,refund_not_processed,Authentication,Payments,not_duplicate
101,synthetic,hard_negative,"The moment I open the app it force-closes. Happening consistently, not a one-off.","This has come up again. Dashboard is lagging badly, barely usable during peak hours. This is affecting my daily work.",app_crashes_on_open,dashboard_extremely_slow,Engineering,Engineering,not_duplicate
102,synthetic,easy_negative,My card shows two separate charges for one invoice.,Following up on this: The analytics dashboard is showing numbers that don't match reality.,double_charged,analytics_data_wrong,Payments,Platform,not_duplicate
103,synthetic,hard_negative,Still happening - Trying to log in via our identity provider throws a token error.,No OTP text message has come through after multiple retries.,sso_login_fails,login_otp_not_received,Authentication,Authentication,not_duplicate
104,synthetic,positive,Just ran into this once more: Radio silence from support since I opened this ticket.,This has come up again. Radio silence from support since I opened this ticket.,no_response_from_support,no_response_from_support,Customer Success,Customer Success,duplicate
105,synthetic,hard_negative,I'm still waiting on any response from the support team. Can someone confirm this is being looked at?,Still happening - Requested a manager review three times with no follow-up at all. This is affecting my daily work.,no_response_from_support,escalation_ignored,Customer Success,Customer Success,not_duplicate
106,synthetic,positive,Reporting this again: Exporting reports to CSV fails every time I try.,Just ran into this once more: CSV export has been broken for me the past few days.,export_fails,export_fails,Platform,Platform,duplicate
107,synthetic,positive,Reporting this again: Trying to export data throws an error and nothing downloads. Can someone confirm this is being looked at?,"This has come up again. The export button doesn't do anything, no file gets downloaded.",export_fails,export_fails,Platform,Platform,duplicate
108,synthetic,hard_negative,Just ran into this once more: There's a duplicate charge on my statement for this plan. Can someone confirm this is being looked at?,"Update: Refund request was accepted but nothing has actually been credited. Happening consistently, not a one-off.",double_charged,refund_not_processed,Payments,Payments,not_duplicate
109,synthetic,positive,This has come up again. SAML login redirects back with an invalid token message.,Still happening - Trying to log in via our identity provider throws a token error.,sso_login_fails,sso_login_fails,Authentication,Authentication,duplicate
110,synthetic,positive,This has come up again. Plan upgrade charged my card but didn't actually upgrade the account. This is affecting my daily work.,Upgrade button just spins forever and never completes.,subscription_upgrade_failed,subscription_upgrade_failed,Payments,Payments,duplicate
111,synthetic,hard_negative,Update: Cross-device sync just isn't happening anymore. Can someone confirm this is being looked at?,"Reporting this again: This version introduced a bug that wasn't there before the update. Happening consistently, not a one-off.",sync_not_updating,update_broke_feature,Engineering,Engineering,not_duplicate
112,synthetic,hard_negative,"No OTP text message has come through after multiple retries. Happening consistently, not a one-off.",My session expires every few minutes even though I'm active. This is affecting my daily work.,login_otp_not_received,session_logs_out_randomly,Authentication,Authentication,not_duplicate
113,synthetic,hard_negative,"Reporting this again: There's no way to bulk update multiple tickets at once, only one at a time.","Reporting this again: I set a teammate's access level but it reverts back on its own. Happening consistently, not a one-off.",cant_bulk_edit,permissions_not_saving,Platform,Platform,not_duplicate
114,synthetic,positive,Just ran into this once more: Got a copy-pasted response that had nothing to do with my actual question.,Update: Chat support just gave generic answers that didn't address my issue.,agent_unhelpful,agent_unhelpful,Customer Success,Customer Success,duplicate
115,synthetic,hard_negative,Update: Refund status shows completed but I don't see the amount in my bank.,Update: Generated invoices are missing the company billing address. Can someone confirm this is being looked at?,refund_not_processed,invoice_missing_details,Payments,Payments,not_duplicate
116,synthetic,positive,The application crashes immediately every time I open it.,"Following up on this: It crashes on startup on my device, happens every single time. Can someone confirm this is being looked at?",app_crashes_on_open,app_crashes_on_open,Engineering,Engineering,duplicate
117,synthetic,hard_negative,Radio silence from support since I opened this ticket. Can someone confirm this is being looked at?,Reporting this again: Support marks the ticket as resolved but the problem is still there.,no_response_from_support,ticket_reopened_repeatedly,Customer Success,Customer Success,not_duplicate
118,synthetic,positive,Just ran into this once more: Uploading a screenshot to a ticket just hangs and never finishes. Can someone confirm this is being looked at?,Uploading a screenshot to a ticket just hangs and never finishes.,attachments_fail_to_upload,attachments_fail_to_upload,Engineering,Engineering,duplicate
119,synthetic,positive,"Reporting this again: There's no way to bulk update multiple tickets at once, only one at a time.",Reporting this again: Bulk actions on the tickets list just don't apply to anything selected.,cant_bulk_edit,cant_bulk_edit,Platform,Platform,duplicate
120,synthetic,positive,I was charged twice for the same subscription this month. Please look into this soon.,I was charged twice for the same subscription this month. Please look into this soon.,double_charged,double_charged,Payments,Payments,duplicate
121,synthetic,positive,Following up on this: Uploading a screenshot to a ticket just hangs and never finishes.,Uploading a screenshot to a ticket just hangs and never finishes.,attachments_fail_to_upload,attachments_fail_to_upload,Engineering,Engineering,duplicate
122,synthetic,hard_negative,Still happening - The connection keeps dropping while I'm using the app.,"Data updated on desktop doesn't show up on mobile until much later. Happening consistently, not a one-off.",connection_drops_frequently,sync_not_updating,Engineering,Engineering,not_duplicate
123,synthetic,hard_negative,"Still happening - I asked to escalate this issue and nothing has happened since. Happening consistently, not a one-off.","Chat support just gave generic answers that didn't address my issue. Happening consistently, not a one-off.",escalation_ignored,agent_unhelpful,Customer Success,Customer Success,not_duplicate
124,synthetic,positive,Reporting this again: I'm still waiting on any response from the support team. Can someone confirm this is being looked at?,This has come up again. Support hasn't replied to my message even after multiple follow-ups.,no_response_from_support,no_response_from_support,Customer Success,Customer Success,duplicate
125,synthetic,positive,Support marks the ticket as resolved but the problem is still there.,I have to keep reopening the same ticket because it's never really fixed. This is affecting my daily work.,ticket_reopened_repeatedly,ticket_reopened_repeatedly,Customer Success,Customer Success,duplicate
126,synthetic,positive,Just ran into this once more: Single sign-on through our company account fails with an authentication error.,SSO login just spins and never completes.,sso_login_fails,sso_login_fails,Authentication,Authentication,duplicate
127,synthetic,hard_negative,Following up on this: API calls are returning errors that weren't happening before.,Just ran into this once more: Bulk actions on the tickets list just don't apply to anything selected.,api_integration_broken,cant_bulk_edit,Platform,Platform,not_duplicate
128,synthetic,hard_negative,"This has come up again. The export button doesn't do anything, no file gets downloaded. Can someone confirm this is being looked at?",API calls are returning errors that weren't happening before.,export_fails,api_integration_broken,Platform,Platform,not_duplicate
129,synthetic,positive,Reporting this again: The chat widget just sits there with no agent picking it up. Can someone confirm this is being looked at?,Just ran into this once more: Live chat support shows as available but no one ever responds.,live_chat_unavailable,live_chat_unavailable,Customer Success,Customer Success,duplicate
130,synthetic,easy_negative,"No OTP text message has come through after multiple retries. Happening consistently, not a one-off.",Requested a manager review three times with no follow-up at all.,login_otp_not_received,escalation_ignored,Authentication,Customer Success,not_duplicate
131,synthetic,positive,Update: Our API integration stopped working after the last platform update.,Still happening - The webhook integration isn't firing events anymore. Please look into this soon.,api_integration_broken,api_integration_broken,Platform,Platform,duplicate
132,synthetic,hard_negative,Following up on this: Payment fails at checkout despite the card working everywhere else.,Following up on this: Billing deducted the amount twice in the same billing cycle. This is affecting my daily work.,card_declined_incorrectly,double_charged,Payments,Payments,not_duplicate
133,synthetic,hard_negative,"Update: I clicked forgot password and the reset link is broken. Happening consistently, not a one-off.",Got flagged as suspicious and locked out for no real reason. Please look into this soon.,password_reset_broken,account_locked_incorrectly,Authentication,Authentication,not_duplicate
134,synthetic,positive,Reporting this again: My account wallet balance is showing an incorrect amount. Can someone confirm this is being looked at?,Wallet shows less credit than what was added last week. This is affecting my daily work.,wallet_balance_incorrect,wallet_balance_incorrect,Payments,Payments,duplicate
135,synthetic,positive,Following up on this: Requested a manager review three times with no follow-up at all.,Update: I asked to escalate this issue and nothing has happened since.,escalation_ignored,escalation_ignored,Customer Success,Customer Success,duplicate
136,synthetic,positive,Something in the newest release broke a workflow I rely on daily. This is affecting my daily work.,Something in the newest release broke a workflow I rely on daily.,update_broke_feature,update_broke_feature,Engineering,Engineering,duplicate
137,synthetic,positive,Following up on this: Reset password flow throws a 404 as soon as I click the emailed link.,"Just ran into this once more: Can't reset my password, the link expires instantly. Can someone confirm this is being looked at?",password_reset_broken,password_reset_broken,Authentication,Authentication,duplicate
138,synthetic,easy_negative,There's a duplicate charge on my statement for this plan.,"Just ran into this once more: App refuses to open, just crashes back to the home screen.",double_charged,app_crashes_on_open,Payments,Engineering,not_duplicate
139,synthetic,easy_negative,I was charged twice for the same subscription this month. Please look into this soon.,Just ran into this once more: Search returns no results even for terms I know exist in my tickets.,double_charged,search_returns_nothing,Payments,Engineering,not_duplicate
140,synthetic,hard_negative,"Still happening - Refund status shows completed but I don't see the amount in my bank. Happening consistently, not a one-off.",The credit balance doesn't match what I actually topped up. Please look into this soon.,refund_not_processed,wallet_balance_incorrect,Payments,Payments,not_duplicate
141,synthetic,easy_negative,Still happening - The dashboard takes over a minute to load basic data. This is affecting my daily work.,My card shows two separate charges for one invoice. This is affecting my daily work.,dashboard_extremely_slow,double_charged,Engineering,Payments,not_duplicate
142,synthetic,hard_negative,"Reporting this again: My ticket keeps getting closed before the issue is actually resolved. Happening consistently, not a one-off.",Chat support just gave generic answers that didn't address my issue.,ticket_reopened_repeatedly,agent_unhelpful,Customer Success,Customer Success,not_duplicate
143,synthetic,positive,This has come up again. API responses started returning malformed data out of nowhere. Can someone confirm this is being looked at?,API calls are returning errors that weren't happening before.,api_integration_broken,api_integration_broken,Platform,Platform,duplicate
144,synthetic,hard_negative,"The verification code never arrived on my phone, so I can't sign in. Happening consistently, not a one-off.","Password reset email arrives but the link leads to a blank screen. Happening consistently, not a one-off.",login_otp_not_received,password_reset_broken,Authentication,Authentication,not_duplicate
145,synthetic,easy_negative,I'm still waiting on any response from the support team.,Update: The invoice doesn't show a proper tax breakdown for accounting purposes. This is affecting my daily work.,no_response_from_support,invoice_missing_details,Customer Success,Payments,not_duplicate
146,synthetic,positive,Reporting this again: I'm not getting notified when a new ticket is assigned to me. Please look into this soon.,"Still happening - Notification alerts for updates have completely stopped coming through. Happening consistently, not a one-off.",notifications_not_sent,notifications_not_sent,Platform,Platform,duplicate
147,synthetic,hard_negative,Export just spins indefinitely and never produces a file. Please look into this soon.,Role permissions keep resetting to default after I configure them.,export_fails,permissions_not_saving,Platform,Platform,not_duplicate
148,synthetic,hard_negative,This has come up again. The cancel button on the billing page does nothing when clicked. Can someone confirm this is being looked at?,"Still happening - Invoice PDF is incomplete, some line items are blank. Can someone confirm this is being looked at?",cannot_cancel_subscription,invoice_missing_details,Payments,Payments,not_duplicate
149,synthetic,positive,"Reporting this again: This version introduced a bug that wasn't there before the update. Happening consistently, not a one-off.",This has come up again. The latest update broke a feature that was working fine before. Can someone confirm this is being looked at?,update_broke_feature,update_broke_feature,Engineering,Engineering,duplicate
150,synthetic,hard_negative,"Reporting this again: I set a teammate's access level but it reverts back on its own. Happening consistently, not a one-off.",Following up on this: API calls are returning errors that weren't happening before.,permissions_not_saving,api_integration_broken,Platform,Platform,not_duplicate
