case_id,issue_a,issue_b,complaint_a,complaint_b,founder_similarity_a,centroid_similarity_a,founder_similarity_b,centroid_similarity_b,centroid_minus_founder_a,centroid_minus_founder_b
1464,live_chat_unavailable,no_response_from_support,Just ran into this once more: Live chat support shows as available but no one ever responds.,No one has responded to my request for help yet.,0.9413,0.9425,0.487,0.5208,0.0012,0.0338
1464,live_chat_unavailable,no_response_from_support,Live chat support shows as available but no one ever responds.,No one has responded to my request for help yet.,1.0,0.9483,0.487,0.5208,-0.0517,0.0338
1464,no_response_from_support,live_chat_unavailable,No one has responded to my request for help yet.,Live chat support shows as available but no one ever responds.,0.487,0.5208,1.0,0.9483,0.0338,-0.0517
1464,no_response_from_support,live_chat_unavailable,No one has responded to my request for help yet.,Still happening - Live chat support shows as available but no one ever responds.,0.487,0.5208,0.9738,0.9584,0.0338,-0.0154
1492,dashboard_extremely_slow,connection_drops_frequently,"Following up on this: Everything is painfully slow, loading a single page takes forever. This is affecting my daily work.",This has come up again. I keep getting disconnected and have to reload the page constantly.,0.5491,0.5566,0.847,0.697,0.0075,-0.15
1492,dashboard_extremely_slow,connection_drops_frequently,"Following up on this: Everything is painfully slow, loading a single page takes forever. This is affecting my daily work.",Following up on this: I keep getting disconnected and have to reload the page constantly. This is affecting my daily work.,0.5491,0.5566,1.0,0.8387,0.0075,-0.1613
1492,dashboard_extremely_slow,connection_drops_frequently,"Following up on this: Everything is painfully slow, loading a single page takes forever. This is affecting my daily work.",Reporting this again: I keep getting disconnected and have to reload the page constantly.,0.5491,0.5566,0.7564,0.7611,0.0075,0.0047
1492,connection_drops_frequently,dashboard_extremely_slow,This has come up again. I keep getting disconnected and have to reload the page constantly.,Reporting this again: Loading times have gotten unbearable over the last few weeks. This is affecting my daily work.,0.847,0.697,0.4786,0.5638,-0.15,0.0852
1492,connection_drops_frequently,dashboard_extremely_slow,Following up on this: I keep getting disconnected and have to reload the page constantly. This is affecting my daily work.,Reporting this again: Loading times have gotten unbearable over the last few weeks. This is affecting my daily work.,1.0,0.8387,0.4786,0.5638,-0.1613,0.0852
1492,connection_drops_frequently,dashboard_extremely_slow,Reporting this again: I keep getting disconnected and have to reload the page constantly.,Reporting this again: Loading times have gotten unbearable over the last few weeks. This is affecting my daily work.,0.7564,0.7611,0.4786,0.5638,0.0047,0.0852
1482,login_otp_not_received,card_declined_incorrectly,Following up on this: Signing in fails every time because the SMS code doesn't arrive.,"Update: Payment fails at checkout despite the card working everywhere else. Happening consistently, not a one-off.",0.8199,0.8382,0.5168,0.4543,0.0183,-0.0625
1482,login_otp_not_received,card_declined_incorrectly,"Update: Signing in fails every time because the SMS code doesn't arrive. Happening consistently, not a one-off.","Update: Payment fails at checkout despite the card working everywhere else. Happening consistently, not a one-off.",1.0,0.8922,0.5168,0.4543,-0.1078,-0.0625
1482,card_declined_incorrectly,login_otp_not_received,"Update: Payment fails at checkout despite the card working everywhere else. Happening consistently, not a one-off.","Signing in fails every time because the SMS code doesn't arrive. Happening consistently, not a one-off.",0.5168,0.4543,0.9104,0.9124,-0.0625,0.002
1482,card_declined_incorrectly,login_otp_not_received,"Update: Payment fails at checkout despite the card working everywhere else. Happening consistently, not a one-off.","The verification code never arrived on my phone, so I can't sign in. Happening consistently, not a one-off.",0.5168,0.4543,0.6447,0.7976,-0.0625,0.153
1482,card_declined_incorrectly,login_otp_not_received,"Update: Payment fails at checkout despite the card working everywhere else. Happening consistently, not a one-off.","Update: The verification code never arrived on my phone, so I can't sign in. Happening consistently, not a one-off.",0.5168,0.4543,0.7363,0.8129,-0.0625,0.0766
1482,card_declined_incorrectly,login_otp_not_received,"Update: Payment fails at checkout despite the card working everywhere else. Happening consistently, not a one-off.",Signing in fails every time because the SMS code doesn't arrive.,0.5168,0.4543,0.8876,0.8891,-0.0625,0.0015
1468,ticket_reopened_repeatedly,no_response_from_support,Update: I have to keep reopening the same ticket because it's never really fixed. Can someone confirm this is being looked at?,Radio silence from support since I opened this ticket. Can someone confirm this is being looked at?,1.0,0.8478,0.5273,0.5232,-0.1522,-0.0042
1468,ticket_reopened_repeatedly,refund_not_processed,Update: I have to keep reopening the same ticket because it's never really fixed. Can someone confirm this is being looked at?,Update: I cancelled weeks ago and still haven't received my refund. Can someone confirm this is being looked at?,1.0,0.8478,0.6175,0.4487,-0.1522,-0.1688
1468,no_response_from_support,ticket_reopened_repeatedly,Radio silence from support since I opened this ticket. Can someone confirm this is being looked at?,I have to keep reopening the same ticket because it's never really fixed. Please look into this soon.,0.5273,0.5232,0.8577,0.813,-0.0042,-0.0446
1468,no_response_from_support,ticket_reopened_repeatedly,Radio silence from support since I opened this ticket. Can someone confirm this is being looked at?,I have to keep reopening the same ticket because it's never really fixed. This is affecting my daily work.,0.5273,0.5232,0.7567,0.8322,-0.0042,0.0754
1468,no_response_from_support,refund_not_processed,Radio silence from support since I opened this ticket. Can someone confirm this is being looked at?,Update: I cancelled weeks ago and still haven't received my refund. Can someone confirm this is being looked at?,0.5273,0.5232,0.6175,0.4487,-0.0042,-0.1688
1468,no_response_from_support,ticket_reopened_repeatedly,Radio silence from support since I opened this ticket. Can someone confirm this is being looked at?,"Reporting this again: My ticket keeps getting closed before the issue is actually resolved. Happening consistently, not a one-off.",0.5273,0.5232,0.6358,0.8263,-0.0042,0.1905
1468,no_response_from_support,ticket_reopened_repeatedly,Radio silence from support since I opened this ticket. Can someone confirm this is being looked at?,Just ran into this once more: I have to keep reopening the same ticket because it's never really fixed. This is affecting my daily work.,0.5273,0.5232,0.7627,0.828,-0.0042,0.0653
1468,no_response_from_support,ticket_reopened_repeatedly,Radio silence from support since I opened this ticket. Can someone confirm this is being looked at?,Reporting this again: My ticket keeps getting closed before the issue is actually resolved. This is affecting my daily work.,0.5273,0.5232,0.5737,0.8028,-0.0042,0.2291
1468,no_response_from_support,ticket_reopened_repeatedly,Radio silence from support since I opened this ticket. Can someone confirm this is being looked at?,"My ticket keeps getting closed before the issue is actually resolved. Happening consistently, not a one-off.",0.5273,0.5232,0.6508,0.8381,-0.0042,0.1874
1468,no_response_from_support,ticket_reopened_repeatedly,Radio silence from support since I opened this ticket. Can someone confirm this is being looked at?,Update: My ticket keeps getting closed before the issue is actually resolved.,0.5273,0.5232,0.7261,0.8303,-0.0042,0.1043
1468,ticket_reopened_repeatedly,refund_not_processed,I have to keep reopening the same ticket because it's never really fixed. Please look into this soon.,Update: I cancelled weeks ago and still haven't received my refund. Can someone confirm this is being looked at?,0.8577,0.813,0.6175,0.4487,-0.0446,-0.1688
1468,ticket_reopened_repeatedly,refund_not_processed,I have to keep reopening the same ticket because it's never really fixed. This is affecting my daily work.,Update: I cancelled weeks ago and still haven't received my refund. Can someone confirm this is being looked at?,0.7567,0.8322,0.6175,0.4487,0.0754,-0.1688
1468,refund_not_processed,ticket_reopened_repeatedly,Update: I cancelled weeks ago and still haven't received my refund. Can someone confirm this is being looked at?,"Reporting this again: My ticket keeps getting closed before the issue is actually resolved. Happening consistently, not a one-off.",0.6175,0.4487,0.6358,0.8263,-0.1688,0.1905
1468,refund_not_processed,ticket_reopened_repeatedly,Update: I cancelled weeks ago and still haven't received my refund. Can someone confirm this is being looked at?,Just ran into this once more: I have to keep reopening the same ticket because it's never really fixed. This is affecting my daily work.,0.6175,0.4487,0.7627,0.828,-0.1688,0.0653
1468,refund_not_processed,ticket_reopened_repeatedly,Update: I cancelled weeks ago and still haven't received my refund. Can someone confirm this is being looked at?,Reporting this again: My ticket keeps getting closed before the issue is actually resolved. This is affecting my daily work.,0.6175,0.4487,0.5737,0.8028,-0.1688,0.2291
1468,refund_not_processed,ticket_reopened_repeatedly,Update: I cancelled weeks ago and still haven't received my refund. Can someone confirm this is being looked at?,"My ticket keeps getting closed before the issue is actually resolved. Happening consistently, not a one-off.",0.6175,0.4487,0.6508,0.8381,-0.1688,0.1874
1468,refund_not_processed,ticket_reopened_repeatedly,Update: I cancelled weeks ago and still haven't received my refund. Can someone confirm this is being looked at?,Update: My ticket keeps getting closed before the issue is actually resolved.,0.6175,0.4487,0.7261,0.8303,-0.1688,0.1043
1459,subscription_upgrade_failed,export_fails,"Just ran into this once more: Upgrade button just spins forever and never completes. Happening consistently, not a one-off.",Export just spins indefinitely and never produces a file.,1.0,0.921,0.3308,0.3229,-0.079,-0.0078
1459,subscription_upgrade_failed,export_fails,"Still happening - Upgrade button just spins forever and never completes. Happening consistently, not a one-off.",Export just spins indefinitely and never produces a file.,0.9494,0.9198,0.3308,0.3229,-0.0296,-0.0078
1459,export_fails,subscription_upgrade_failed,Export just spins indefinitely and never produces a file.,"This has come up again. Upgrade button just spins forever and never completes. Happening consistently, not a one-off.",0.3308,0.3229,0.9092,0.8791,-0.0078,-0.0301
1459,export_fails,subscription_upgrade_failed,Export just spins indefinitely and never produces a file.,Just ran into this once more: Upgrading my plan keeps failing at the payment step.,0.3308,0.3229,0.5808,0.5518,-0.0078,-0.0291
1459,export_fails,subscription_upgrade_failed,Export just spins indefinitely and never produces a file.,Upgrade button just spins forever and never completes.,0.3308,0.3229,0.9241,0.919,-0.0078,-0.0051
1473,card_declined_incorrectly,cannot_cancel_subscription,This has come up again. My card keeps getting declined even though there are sufficient funds. Can someone confirm this is being looked at?,This has come up again. The cancel button on the billing page does nothing when clicked. Can someone confirm this is being looked at?,1.0,0.8992,0.4835,0.3419,-0.1008,-0.1416
1473,card_declined_incorrectly,cannot_cancel_subscription,My card keeps getting declined even though there are sufficient funds.,This has come up again. The cancel button on the billing page does nothing when clicked. Can someone confirm this is being looked at?,0.8372,0.88,0.4835,0.3419,0.0428,-0.1416
1473,card_declined_incorrectly,cannot_cancel_subscription,My card keeps getting declined even though there are sufficient funds.,This has come up again. The cancel button on the billing page does nothing when clicked. Can someone confirm this is being looked at?,0.8372,0.88,0.4835,0.3419,0.0428,-0.1416
1473,cannot_cancel_subscription,card_declined_incorrectly,This has come up again. The cancel button on the billing page does nothing when clicked. Can someone confirm this is being looked at?,Following up on this: My card keeps getting declined even though there are sufficient funds.,0.4835,0.3419,0.8392,0.8668,-0.1416,0.0276
1477,app_crashes_on_open,update_broke_feature,"Update: The application crashes immediately every time I open it. Happening consistently, not a one-off.","This has come up again. After updating the app, a core feature stopped working entirely. Happening consistently, not a one-off.",1.0,0.6072,0.5319,0.539,-0.3928,0.0071
1477,update_broke_feature,app_crashes_on_open,"This has come up again. After updating the app, a core feature stopped working entirely. Happening consistently, not a one-off.","The moment I open the app it force-closes. Happening consistently, not a one-off.",0.5319,0.539,0.4829,0.5023,0.0071,0.0195
1481,permissions_not_saving,sync_not_updating,"This has come up again. Permission changes I make for team members don't save. Happening consistently, not a one-off.","This has come up again. Changes I make aren't syncing across devices. Happening consistently, not a one-off.",1.0,0.9085,0.4964,0.5879,-0.0915,0.0915
1481,permissions_not_saving,sync_not_updating,"This has come up again. Permission changes I make for team members don't save. Happening consistently, not a one-off.","Changes I make aren't syncing across devices. Happening consistently, not a one-off.",1.0,0.9085,0.4369,0.5466,-0.0915,0.1097
1481,permissions_not_saving,sync_not_updating,"Update: Permission changes I make for team members don't save. Happening consistently, not a one-off.","This has come up again. Changes I make aren't syncing across devices. Happening consistently, not a one-off.",0.9496,0.8869,0.4964,0.5879,-0.0627,0.0915
1481,permissions_not_saving,sync_not_updating,"Update: Permission changes I make for team members don't save. Happening consistently, not a one-off.","Changes I make aren't syncing across devices. Happening consistently, not a one-off.",0.9496,0.8869,0.4369,0.5466,-0.0627,0.1097
1481,permissions_not_saving,sync_not_updating,Permission changes I make for team members don't save. Can someone confirm this is being looked at?,"This has come up again. Changes I make aren't syncing across devices. Happening consistently, not a one-off.",0.8001,0.7164,0.4964,0.5879,-0.0836,0.0915
1481,permissions_not_saving,sync_not_updating,Permission changes I make for team members don't save. Can someone confirm this is being looked at?,"Changes I make aren't syncing across devices. Happening consistently, not a one-off.",0.8001,0.7164,0.4369,0.5466,-0.0836,0.1097
1481,sync_not_updating,permissions_not_saving,"This has come up again. Changes I make aren't syncing across devices. Happening consistently, not a one-off.","Just ran into this once more: Role permissions keep resetting to default after I configure them. Happening consistently, not a one-off.",0.4964,0.5879,0.5943,0.544,0.0915,-0.0504
1481,sync_not_updating,permissions_not_saving,"This has come up again. Changes I make aren't syncing across devices. Happening consistently, not a one-off.",This has come up again. Permission changes I make for team members don't save.,0.4964,0.5879,0.9485,0.8398,0.0915,-0.1087
1481,permissions_not_saving,sync_not_updating,"Just ran into this once more: Role permissions keep resetting to default after I configure them. Happening consistently, not a one-off.","Changes I make aren't syncing across devices. Happening consistently, not a one-off.",0.5943,0.544,0.4369,0.5466,-0.0504,0.1097
1481,permissions_not_saving,sync_not_updating,This has come up again. Permission changes I make for team members don't save.,"Changes I make aren't syncing across devices. Happening consistently, not a one-off.",0.9485,0.8398,0.4369,0.5466,-0.1087,0.1097
1493,escalation_ignored,no_response_from_support,"Still happening - I asked to escalate this issue and nothing has happened since. Happening consistently, not a one-off.",Still happening - No one has responded to my request for help yet. This is affecting my daily work.,1.0,0.8905,0.5503,0.5705,-0.1095,0.0203
1493,no_response_from_support,escalation_ignored,Still happening - No one has responded to my request for help yet. This is affecting my daily work.,This has come up again. I asked to escalate this issue and nothing has happened since. This is affecting my daily work.,0.5503,0.5705,0.8357,0.8909,0.0203,0.0553
1493,no_response_from_support,escalation_ignored,Still happening - No one has responded to my request for help yet. This is affecting my daily work.,Following up on this: I asked to escalate this issue and nothing has happened since.,0.5503,0.5705,0.8857,0.8858,0.0203,0.0002
1493,no_response_from_support,escalation_ignored,Still happening - No one has responded to my request for help yet. This is affecting my daily work.,Update: I asked to escalate this issue and nothing has happened since.,0.5503,0.5705,0.8377,0.8341,0.0203,-0.0036
1510,cant_change_email,password_reset_broken,"Following up on this: Changing my login email fails with a generic error every time. Happening consistently, not a one-off.",Following up on this: Reset password flow throws a 404 as soon as I click the emailed link.,1.0,0.915,0.5133,0.4716,-0.085,-0.0417
1510,password_reset_broken,cant_change_email,Following up on this: Reset password flow throws a 404 as soon as I click the emailed link.,Changing my login email fails with a generic error every time.,0.5133,0.4716,0.9198,0.9178,-0.0417,-0.002
1510,password_reset_broken,cant_change_email,Following up on this: Reset password flow throws a 404 as soon as I click the emailed link.,Changing my login email fails with a generic error every time. This is affecting my daily work.,0.5133,0.4716,0.8659,0.8694,-0.0417,0.0036
1510,password_reset_broken,cant_change_email,Following up on this: Reset password flow throws a 404 as soon as I click the emailed link.,Reporting this again: Changing my login email fails with a generic error every time.,0.5133,0.4716,0.8541,0.8735,-0.0417,0.0195
1519,notifications_not_sent,update_broke_feature,This has come up again. Push notifications just stopped working a week ago.,"This has come up again. After updating the app, a core feature stopped working entirely.",1.0,0.9087,0.5616,0.5346,-0.0913,-0.027
1519,update_broke_feature,notifications_not_sent,"This has come up again. After updating the app, a core feature stopped working entirely.",Push notifications just stopped working a week ago.,0.5616,0.5346,0.9273,0.9236,-0.027,-0.0036
1519,update_broke_feature,notifications_not_sent,"This has come up again. After updating the app, a core feature stopped working entirely.","Update: Push notifications just stopped working a week ago. Happening consistently, not a one-off.",0.5616,0.5346,0.8299,0.8932,-0.027,0.0633
1519,update_broke_feature,notifications_not_sent,"This has come up again. After updating the app, a core feature stopped working entirely.","Still happening - Push notifications just stopped working a week ago. Happening consistently, not a one-off.",0.5616,0.5346,0.8971,0.9215,-0.027,0.0244
1525,connection_drops_frequently,dashboard_extremely_slow,"I keep getting disconnected and have to reload the page constantly. Happening consistently, not a one-off.","Just ran into this once more: Everything is painfully slow, loading a single page takes forever. Happening consistently, not a one-off.",1.0,0.6407,0.5136,0.4627,-0.3593,-0.0508
1525,connection_drops_frequently,dashboard_extremely_slow,"Still happening - Network connection drops randomly during active use. Happening consistently, not a one-off.","Just ran into this once more: Everything is painfully slow, loading a single page takes forever. Happening consistently, not a one-off.",0.5165,0.4649,0.5136,0.4627,-0.0516,-0.0508
