pair_id,source,pair_type,text_a,text_b,issue_id_a,issue_id_b,department_a,department_b,true_label,msmarco_score,stsb_score,quora_score
1,synthetic,easy_negative,The analytics dashboard is showing numbers that don't match reality. This is affecting my daily work.,Still happening - Got flagged as suspicious and locked out for no real reason.,analytics_data_wrong,account_locked_incorrectly,Platform,Authentication,not_duplicate,-9.192382,0.1160879,0.00024023505
2,synthetic,positive,"Following up on this: Changing my login email fails with a generic error every time. Happening consistently, not a one-off.",Update: I can't update the email address linked to my account. This is affecting my daily work.,cant_change_email,cant_change_email,Authentication,Authentication,duplicate,-8.07111,0.48443455,0.00024161351
3,synthetic,hard_negative,Following up on this: Something in the newest release broke a workflow I rely on daily. This is affecting my daily work.,Following up on this: Data updated on desktop doesn't show up on mobile until much later. This is affecting my daily work.,update_broke_feature,sync_not_updating,Engineering,Engineering,not_duplicate,-0.11255714,0.63765305,0.0009855813
4,synthetic,hard_negative,"MFA enrollment keeps timing out before I can finish setup. Happening consistently, not a one-off.",Just ran into this once more: Session keeps dying even while I'm actively typing.,mfa_setup_fails,session_logs_out_randomly,Authentication,Authentication,not_duplicate,-10.435787,0.104123026,0.00023844735
5,synthetic,positive,Still happening - Requested a manager review three times with no follow-up at all. This is affecting my daily work.,Following up on this: I asked to escalate this issue and nothing has happened since.,escalation_ignored,escalation_ignored,Customer Success,Customer Success,duplicate,-6.3225355,0.25831205,0.00023796245
6,synthetic,positive,"No alerts are sent when a ticket status changes, I have to check manually.",Just ran into this once more: Notification alerts for updates have completely stopped coming through.,notifications_not_sent,notifications_not_sent,Platform,Platform,duplicate,-5.7049484,0.21489574,0.0002387656
7,synthetic,positive,Just ran into this once more: Search returns no results even for terms I know exist in my tickets.,Still happening - Search returns no results even for terms I know exist in my tickets. Can someone confirm this is being looked at?,search_returns_nothing,search_returns_nothing,Engineering,Engineering,duplicate,6.4815884,0.6703317,0.9561016
8,synthetic,easy_negative,"Still happening - Invoice PDF is incomplete, some line items are blank. Can someone confirm this is being looked at?",Following up on this: API responses started returning malformed data out of nowhere. Can someone confirm this is being looked at?,invoice_missing_details,api_integration_broken,Payments,Platform,not_duplicate,-0.6840441,0.48579994,0.0040019616
9,synthetic,hard_negative,Following up on this: The agent closed my ticket without actually fixing anything.,Update: My ticket keeps getting closed before the issue is actually resolved.,agent_unhelpful,ticket_reopened_repeatedly,Customer Success,Customer Success,not_duplicate,1.7308416,0.7359456,0.001321181
10,synthetic,positive,Just ran into this once more: Got a copy-pasted response that had nothing to do with my actual question.,This has come up again. The support agent I spoke to didn't actually solve my problem. This is affecting my daily work.,agent_unhelpful,agent_unhelpful,Customer Success,Customer Success,duplicate,-7.907609,0.40340796,0.00024157666
11,synthetic,easy_negative,"Random logouts are happening throughout the day, very disruptive. Please look into this soon.",Still happening - Tax ID isn't showing up anywhere on the downloaded invoice. Please look into this soon.,session_logs_out_randomly,invoice_missing_details,Authentication,Payments,not_duplicate,-7.860283,0.3198469,0.00797686
12,synthetic,hard_negative,Session keeps dying even while I'm actively typing. This is affecting my daily work.,Following up on this: Account lockout triggered incorrectly and support hasn't unlocked it yet.,session_logs_out_randomly,account_locked_incorrectly,Authentication,Authentication,not_duplicate,-11.042424,0.14154018,0.00023765907
13,synthetic,hard_negative,"Following up on this: It crashes on startup on my device, happens every single time. Can someone confirm this is being looked at?",Data updated on desktop doesn't show up on mobile until much later. Please look into this soon.,app_crashes_on_open,sync_not_updating,Engineering,Engineering,not_duplicate,-6.9767,0.27560437,0.00024357888
14,synthetic,positive,"No alerts are sent when a ticket status changes, I have to check manually.","Still happening - Push notifications just stopped working a week ago. Happening consistently, not a one-off.",notifications_not_sent,notifications_not_sent,Platform,Platform,duplicate,-9.2661495,0.160269,0.00023919488
15,synthetic,positive,The moment I open the app it force-closes.,Still happening - The moment I open the app it force-closes.,app_crashes_on_open,app_crashes_on_open,Engineering,Engineering,duplicate,8.530438,0.9082743,0.9649243
16,synthetic,easy_negative,"Just ran into this once more: Cross-device sync just isn't happening anymore. Happening consistently, not a one-off.",The refund was approved but the money never came back to my account.,sync_not_updating,refund_not_processed,Engineering,Payments,not_duplicate,-10.366177,0.06388476,0.00023699224
17,synthetic,hard_negative,"Still happening - Exporting reports to CSV fails every time I try. Happening consistently, not a one-off.",Following up on this: API calls are returning errors that weren't happening before.,export_fails,api_integration_broken,Platform,Platform,not_duplicate,-8.191834,0.24034773,0.0002470578
18,synthetic,easy_negative,Reporting this again: The agent closed my ticket without actually fixing anything. This is affecting my daily work.,This has come up again. CSV export has been broken for me the past few days.,agent_unhelpful,export_fails,Customer Success,Platform,not_duplicate,-8.900175,0.3126017,0.00023584286
19,synthetic,hard_negative,Still happening - No one has responded to my request for help yet. This is affecting my daily work.,Following up on this: I asked to escalate this issue and nothing has happened since.,no_response_from_support,escalation_ignored,Customer Success,Customer Success,not_duplicate,-4.7969036,0.36020654,0.0003003903
20,synthetic,positive,Following up on this: I tried to move to a higher tier and the transaction errors out. Can someone confirm this is being looked at?,This has come up again. Upgrading my plan keeps failing at the payment step.,subscription_upgrade_failed,subscription_upgrade_failed,Payments,Payments,duplicate,-7.8424115,0.3474549,0.00024273848
21,synthetic,positive,This has come up again. I submitted a support ticket three days ago and haven't heard back. This is affecting my daily work.,I'm still waiting on any response from the support team.,no_response_from_support,no_response_from_support,Customer Success,Customer Success,duplicate,-4.2860804,0.36559135,0.00038782036
22,synthetic,positive,Following up on this: Analytics figures seem to be miscalculated compared to raw data. Please look into this soon.,Following up on this: The analytics dashboard is showing numbers that don't match reality.,analytics_data_wrong,analytics_data_wrong,Platform,Platform,duplicate,-1.2912498,0.60862184,0.00060992636
23,synthetic,hard_negative,"I submitted a support ticket three days ago and haven't heard back. Happening consistently, not a one-off.",Still happening - Live chat support shows as available but no one ever responds.,no_response_from_support,live_chat_unavailable,Customer Success,Customer Success,not_duplicate,-6.2397776,0.2611528,0.00024390935
24,synthetic,hard_negative,Reporting this again: I keep getting disconnected and have to reload the page constantly.,"Performance has gotten really bad, pages hang for a long time before loading.",connection_drops_frequently,dashboard_extremely_slow,Engineering,Engineering,not_duplicate,-7.5001707,0.32186425,0.00023711089
25,synthetic,positive,My session expires every few minutes even though I'm active. Please look into this soon.,Just ran into this once more: I keep getting logged out randomly in the middle of work.,session_logs_out_randomly,session_logs_out_randomly,Authentication,Authentication,duplicate,-8.0673065,0.21507005,0.00024166974
26,synthetic,hard_negative,Update: I cancelled weeks ago and still haven't received my refund.,Update: There's a duplicate charge on my statement for this plan.,refund_not_processed,double_charged,Payments,Payments,not_duplicate,-6.612918,0.15220523,0.00023804302
27,synthetic,easy_negative,"OTP delivery is broken, I've waited 20 minutes and nothing came through. Please look into this soon.",Still happening - File attachments fail to upload no matter the file size. This is affecting my daily work.,login_otp_not_received,attachments_fail_to_upload,Authentication,Engineering,not_duplicate,-10.007395,0.123299554,0.00025567104
28,synthetic,positive,Still happening - Network connection drops randomly during active use. Can someone confirm this is being looked at?,Reporting this again: Network connection drops randomly during active use.,connection_drops_frequently,connection_drops_frequently,Engineering,Engineering,duplicate,6.357125,0.84149384,0.17784089
29,synthetic,hard_negative,"This has come up again. After updating the app, a core feature stopped working entirely. Happening consistently, not a one-off.",Just ran into this once more: The connection keeps dropping while I'm using the app. Please look into this soon.,update_broke_feature,connection_drops_frequently,Engineering,Engineering,not_duplicate,-5.956501,0.3707492,0.00023885602
30,synthetic,hard_negative,Update: The invoice doesn't show a proper tax breakdown for accounting purposes.,My card keeps getting declined even though there are sufficient funds.,invoice_missing_details,card_declined_incorrectly,Payments,Payments,not_duplicate,-10.925123,0.08039182,0.00024676352
31,synthetic,positive,I set a teammate's access level but it reverts back on its own.,This has come up again. Permission changes I make for team members don't save.,permissions_not_saving,permissions_not_saving,Platform,Platform,duplicate,-8.698521,0.24731788,0.00025393986
32,synthetic,positive,"This has come up again. I never received the OTP when trying to log in. Happening consistently, not a one-off.","The verification code never arrived on my phone, so I can't sign in.",login_otp_not_received,login_otp_not_received,Authentication,Authentication,duplicate,-8.175923,0.26328084,0.00023804935
33,synthetic,positive,"The dashboard takes over a minute to load basic data. Happening consistently, not a one-off.","Loading times have gotten unbearable over the last few weeks. Happening consistently, not a one-off.",dashboard_extremely_slow,dashboard_extremely_slow,Engineering,Engineering,duplicate,2.6926172,0.5857811,0.12633479
34,synthetic,hard_negative,Reporting this again: I submitted a support ticket three days ago and haven't heard back.,Support marks the ticket as resolved but the problem is still there.,no_response_from_support,ticket_reopened_repeatedly,Customer Success,Customer Success,not_duplicate,-2.5138235,0.41288507,0.0024143541
35,synthetic,positive,I was charged twice for the same subscription this month. Please look into this soon.,Billing deducted the amount twice in the same billing cycle. This is affecting my daily work.,double_charged,double_charged,Payments,Payments,duplicate,-3.500731,0.2676462,0.00023640839
36,synthetic,easy_negative,Sync between the web app and mobile app is broken.,Reporting this again: Support marks the ticket as resolved but the problem is still there.,sync_not_updating,ticket_reopened_repeatedly,Engineering,Customer Success,not_duplicate,-10.77792,0.09149618,0.0002447748
37,synthetic,hard_negative,Two-factor login is stuck because the code never shows up. Please look into this soon.,My session expires every few minutes even though I'm active. This is affecting my daily work.,login_otp_not_received,session_logs_out_randomly,Authentication,Authentication,not_duplicate,-10.358753,0.2050409,0.00023865729
38,synthetic,hard_negative,Reporting this again: Sync between the web app and mobile app is broken.,"Loading times have gotten unbearable over the last few weeks. Happening consistently, not a one-off.",sync_not_updating,dashboard_extremely_slow,Engineering,Engineering,not_duplicate,-9.857826,0.04903642,0.00025110441
39,synthetic,hard_negative,Export just spins indefinitely and never produces a file.,Reporting this again: API calls are returning errors that weren't happening before. This is affecting my daily work.,export_fails,api_integration_broken,Platform,Platform,not_duplicate,-11.415907,0.044322755,0.00025097348
40,synthetic,positive,"Still happening - Two-factor login is stuck because the code never shows up. Happening consistently, not a one-off.",Two-factor login is stuck because the code never shows up. Please look into this soon.,login_otp_not_received,login_otp_not_received,Authentication,Authentication,duplicate,7.0961676,0.7424339,0.9653728
41,synthetic,hard_negative,"Still happening - Invoice PDF is incomplete, some line items are blank. Can someone confirm this is being looked at?",Refund request was accepted but nothing has actually been credited.,invoice_missing_details,refund_not_processed,Payments,Payments,not_duplicate,-8.875362,0.15394667,0.00024050112
42,synthetic,positive,Bulk actions on the tickets list just don't apply to anything selected. Can someone confirm this is being looked at?,Reporting this again: Bulk actions on the tickets list just don't apply to anything selected.,cant_bulk_edit,cant_bulk_edit,Platform,Platform,duplicate,7.6097183,0.9584179,0.92247564
43,synthetic,positive,Update: The search bar just comes back empty no matter what I type. This is affecting my daily work.,Update: Search returns no results even for terms I know exist in my tickets. Please look into this soon.,search_returns_nothing,search_returns_nothing,Engineering,Engineering,duplicate,-6.7423267,0.37193337,0.00029199882
44,synthetic,positive,Reporting this again: Requested a manager review three times with no follow-up at all.,This has come up again. I asked to escalate this issue and nothing has happened since. This is affecting my daily work.,escalation_ignored,escalation_ignored,Customer Success,Customer Success,duplicate,-6.862646,0.2405137,0.00023633514
45,synthetic,easy_negative,Still happening - Changes I make aren't syncing across devices.,Still happening - The support agent I spoke to didn't actually solve my problem.,sync_not_updating,agent_unhelpful,Engineering,Customer Success,not_duplicate,-4.556209,0.287987,0.00024415343
46,synthetic,hard_negative,"Performance has gotten really bad, pages hang for a long time before loading.","Network connection drops randomly during active use. Happening consistently, not a one-off.",dashboard_extremely_slow,connection_drops_frequently,Engineering,Engineering,not_duplicate,-11.304293,0.04644328,0.00024482523
47,synthetic,hard_negative,Still happening - Got billed two times for a single month of service.,Just ran into this once more: Still waiting on a refund that was promised over two weeks ago.,double_charged,refund_not_processed,Payments,Payments,not_duplicate,-7.3846602,0.33917612,0.0003016358
48,synthetic,positive,Just ran into this once more: I clicked forgot password and the reset link is broken. Can someone confirm this is being looked at?,Update: I clicked forgot password and the reset link is broken.,password_reset_broken,password_reset_broken,Authentication,Authentication,duplicate,4.8421125,0.8089482,0.97261107
49,synthetic,easy_negative,Following up on this: Setting up two-factor authentication fails at the QR code step. This is affecting my daily work.,Upgrading my plan keeps failing at the payment step.,mfa_setup_fails,subscription_upgrade_failed,Authentication,Payments,not_duplicate,-5.6195035,0.39610243,0.00026448534
50,synthetic,positive,Report totals in the dashboard don't add up correctly. Can someone confirm this is being looked at?,The analytics dashboard is showing numbers that don't match reality. This is affecting my daily work.,analytics_data_wrong,analytics_data_wrong,Platform,Platform,duplicate,-4.5296435,0.39840868,0.0002473616
51,synthetic,hard_negative,Reporting this again: Got flagged as suspicious and locked out for no real reason. This is affecting my daily work.,I clicked forgot password and the reset link is broken. Please look into this soon.,account_locked_incorrectly,password_reset_broken,Authentication,Authentication,not_duplicate,-9.098122,0.22854762,0.00023725924
52,synthetic,positive,Still happening - Generated invoices are missing the company billing address. Can someone confirm this is being looked at?,Update: The invoice doesn't show a proper tax breakdown for accounting purposes. This is affecting my daily work.,invoice_missing_details,invoice_missing_details,Payments,Payments,duplicate,-6.9980874,0.38884702,0.00023753718
53,synthetic,positive,Still happening - Live chat support shows as available but no one ever responds.,Still happening - The chat widget just sits there with no agent picking it up. Please look into this soon.,live_chat_unavailable,live_chat_unavailable,Customer Success,Customer Success,duplicate,1.4173958,0.52747333,0.00046591624
54,synthetic,positive,File attachments fail to upload no matter the file size. Can someone confirm this is being looked at?,Uploading a screenshot to a ticket just hangs and never finishes.,attachments_fail_to_upload,attachments_fail_to_upload,Engineering,Engineering,duplicate,-9.758524,0.14928372,0.00024484273
55,synthetic,hard_negative,This has come up again. I asked to escalate this issue and nothing has happened since. This is affecting my daily work.,"Reporting this again: My ticket keeps getting closed before the issue is actually resolved. Happening consistently, not a one-off.",escalation_ignored,ticket_reopened_repeatedly,Customer Success,Customer Success,not_duplicate,-3.7676413,0.26450196,0.00023756937
56,synthetic,positive,Live chat support shows as available but no one ever responds.,Live chat support shows as available but no one ever responds.,live_chat_unavailable,live_chat_unavailable,Customer Success,Customer Success,duplicate,9.391525,0.9892263,0.9925728
57,synthetic,positive,Just ran into this once more: The authenticator app won't pair no matter how many times I scan the code. This is affecting my daily work.,"Update: Setting up two-factor authentication fails at the QR code step. Happening consistently, not a one-off.",mfa_setup_fails,mfa_setup_fails,Authentication,Authentication,duplicate,-5.816923,0.3533385,0.00024226078
58,synthetic,hard_negative,"Following up on this: Account lockout triggered incorrectly and support hasn't unlocked it yet. Happening consistently, not a one-off.",This has come up again. Setting up two-factor authentication fails at the QR code step. This is affecting my daily work.,account_locked_incorrectly,mfa_setup_fails,Authentication,Authentication,not_duplicate,-7.594557,0.2728978,0.00024374522
59,synthetic,positive,This has come up again. The cancel button on the billing page does nothing when clicked. Can someone confirm this is being looked at?,"Still happening - The cancel button on the billing page does nothing when clicked. Happening consistently, not a one-off.",cannot_cancel_subscription,cannot_cancel_subscription,Payments,Payments,duplicate,6.7391267,0.6972141,0.8803565
60,synthetic,positive,Update: I cancelled weeks ago and still haven't received my refund. Can someone confirm this is being looked at?,This has come up again. Refund status shows completed but I don't see the amount in my bank. This is affecting my daily work.,refund_not_processed,refund_not_processed,Payments,Payments,duplicate,-3.0705748,0.3680204,0.00024166743
61,synthetic,positive,Just ran into this once more: Generated invoices are missing the company billing address.,Update: The invoice doesn't show a proper tax breakdown for accounting purposes. This is affecting my daily work.,invoice_missing_details,invoice_missing_details,Payments,Payments,duplicate,-7.993714,0.42484686,0.00025607308
62,synthetic,positive,Still happening - Account lockout triggered incorrectly and support hasn't unlocked it yet. Please look into this soon.,Reporting this again: I was locked out of my account even though I entered the correct password.,account_locked_incorrectly,account_locked_incorrectly,Authentication,Authentication,duplicate,-0.903803,0.42470175,0.00026343693
63,synthetic,hard_negative,I have to keep reopening the same ticket because it's never really fixed. This is affecting my daily work.,This has come up again. Support hasn't replied to my message even after multiple follow-ups.,ticket_reopened_repeatedly,no_response_from_support,Customer Success,Customer Success,not_duplicate,-8.923197,0.2277335,0.0002396327
64,synthetic,easy_negative,"Following up on this: My account got locked after one failed login attempt, which seems wrong.","Just ran into this once more: App refuses to open, just crashes back to the home screen.",account_locked_incorrectly,app_crashes_on_open,Authentication,Engineering,not_duplicate,-8.127716,0.16421065,0.00023978241
65,synthetic,hard_negative,"Update: SAML login redirects back with an invalid token message. Happening consistently, not a one-off.",Reporting this again: Session keeps dying even while I'm actively typing.,sso_login_fails,session_logs_out_randomly,Authentication,Authentication,not_duplicate,-9.487015,0.090584695,0.0002426496
66,synthetic,positive,My card keeps getting declined even though there are sufficient funds.,This has come up again. Payment fails at checkout despite the card working everywhere else.,card_declined_incorrectly,card_declined_incorrectly,Payments,Payments,duplicate,-5.314095,0.24060844,0.000245235
67,synthetic,positive,"Update: Payment fails at checkout despite the card working everywhere else. Happening consistently, not a one-off.",Following up on this: My card keeps getting declined even though there are sufficient funds.,card_declined_incorrectly,card_declined_incorrectly,Payments,Payments,duplicate,-5.505805,0.26241562,0.00024067225
68,synthetic,easy_negative,This has come up again. Tax ID isn't showing up anywhere on the downloaded invoice.,"Update: There's no way to bulk update multiple tickets at once, only one at a time.",invoice_missing_details,cant_bulk_edit,Payments,Platform,not_duplicate,-10.564074,0.15884899,0.000240801
69,synthetic,positive,"Following up on this: The app signs me out on its own, forcing me to log back in constantly.",Just ran into this once more: Session keeps dying even while I'm actively typing.,session_logs_out_randomly,session_logs_out_randomly,Authentication,Authentication,duplicate,-8.224177,0.23417456,0.00024394634
70,synthetic,positive,Reporting this again: Exporting reports to CSV fails every time I try.,"Following up on this: The export button doesn't do anything, no file gets downloaded. Please look into this soon.",export_fails,export_fails,Platform,Platform,duplicate,-7.6379004,0.21356092,0.00023772322
71,synthetic,positive,The moment I open the app it force-closes.,"App refuses to open, just crashes back to the home screen. This is affecting my daily work.",app_crashes_on_open,app_crashes_on_open,Engineering,Engineering,duplicate,-5.0942173,0.285268,0.00030253496
72,synthetic,hard_negative,Just ran into this once more: I tried to move to a higher tier and the transaction errors out. Can someone confirm this is being looked at?,This has come up again. Still waiting on a refund that was promised over two weeks ago.,subscription_upgrade_failed,refund_not_processed,Payments,Payments,not_duplicate,-9.0057335,0.24214014,0.00024450076
73,synthetic,hard_negative,"Just ran into this once more: Role permissions keep resetting to default after I configure them. Happening consistently, not a one-off.",Update: Our API integration stopped working after the last platform update. Please look into this soon.,permissions_not_saving,api_integration_broken,Platform,Platform,not_duplicate,-8.963495,0.1874433,0.00023915271
74,synthetic,easy_negative,"Just ran into this once more: I'm not getting notified when a new ticket is assigned to me. Happening consistently, not a one-off.","MFA enrollment keeps timing out before I can finish setup. Happening consistently, not a one-off.",notifications_not_sent,mfa_setup_fails,Platform,Authentication,not_duplicate,-1.8916535,0.56444633,0.0007804311
75,synthetic,hard_negative,Still happening - Cross-device sync just isn't happening anymore. Please look into this soon.,This has come up again. I keep getting disconnected and have to reload the page constantly.,sync_not_updating,connection_drops_frequently,Engineering,Engineering,not_duplicate,-8.591705,0.21519996,0.00024290144
76,synthetic,hard_negative,Update: Our API integration stopped working after the last platform update.,Role permissions keep resetting to default after I configure them.,api_integration_broken,permissions_not_saving,Platform,Platform,not_duplicate,-9.880104,0.1792287,0.00025810188
77,synthetic,positive,Role permissions keep resetting to default after I configure them.,"Reporting this again: I set a teammate's access level but it reverts back on its own. Happening consistently, not a one-off.",permissions_not_saving,permissions_not_saving,Platform,Platform,duplicate,-10.715034,0.22277763,0.00023675419
78,synthetic,positive,Reporting this again: I was locked out of my account even though I entered the correct password.,Following up on this: Account lockout triggered incorrectly and support hasn't unlocked it yet.,account_locked_incorrectly,account_locked_incorrectly,Authentication,Authentication,duplicate,-0.16806057,0.5890253,0.0003006989
79,synthetic,positive,Following up on this: My account wallet balance is showing an incorrect amount. Can someone confirm this is being looked at?,Reporting this again: Wallet shows less credit than what was added last week. Can someone confirm this is being looked at?,wallet_balance_incorrect,wallet_balance_incorrect,Payments,Payments,duplicate,4.6717043,0.60787356,0.008946039
80,synthetic,positive,Records updated by a teammate don't reflect on my screen without a manual refresh. Please look into this soon.,Following up on this: Sync between the web app and mobile app is broken. Can someone confirm this is being looked at?,sync_not_updating,sync_not_updating,Engineering,Engineering,duplicate,-10.726285,0.40874842,0.00024038329
81,synthetic,hard_negative,Just ran into this once more: Exporting reports to CSV fails every time I try.,Following up on this: Our API integration stopped working after the last platform update.,export_fails,api_integration_broken,Platform,Platform,not_duplicate,-10.097431,0.17468923,0.00023962128
82,synthetic,positive,Still happening - No OTP text message has come through after multiple retries.,Following up on this: Signing in fails every time because the SMS code doesn't arrive.,login_otp_not_received,login_otp_not_received,Authentication,Authentication,duplicate,-9.41726,0.21402644,0.00024498353
83,synthetic,easy_negative,"Following up on this: The app signs me out on its own, forcing me to log back in constantly.",There's no way to actually cancel my subscription from the settings page.,session_logs_out_randomly,cannot_cancel_subscription,Authentication,Payments,not_duplicate,-9.28804,0.24956012,0.00023856013
84,synthetic,easy_negative,Just ran into this once more: Generated invoices are missing the company billing address.,Following up on this: The analytics dashboard is showing numbers that don't match reality.,invoice_missing_details,analytics_data_wrong,Payments,Platform,not_duplicate,-10.6874895,0.28136954,0.00023715339
85,synthetic,positive,Refund request was accepted but nothing has actually been credited.,"Update: Refund request was accepted but nothing has actually been credited. Happening consistently, not a one-off.",refund_not_processed,refund_not_processed,Payments,Payments,duplicate,9.302307,0.73772633,0.9841016
86,synthetic,positive,"My account got locked after one failed login attempt, which seems wrong.",Just ran into this once more: I was locked out of my account even though I entered the correct password.,account_locked_incorrectly,account_locked_incorrectly,Authentication,Authentication,duplicate,0.9107316,0.5152776,0.0014527846
87,synthetic,positive,Update: I have to keep reopening the same ticket because it's never really fixed. Can someone confirm this is being looked at?,"My ticket keeps getting closed before the issue is actually resolved. Happening consistently, not a one-off.",ticket_reopened_repeatedly,ticket_reopened_repeatedly,Customer Success,Customer Success,duplicate,0.24747352,0.55488056,0.00029090096
88,synthetic,positive,Just ran into this once more: Got a copy-pasted response that had nothing to do with my actual question.,Reporting this again: The agent closed my ticket without actually fixing anything. This is affecting my daily work.,agent_unhelpful,agent_unhelpful,Customer Success,Customer Success,duplicate,-8.507228,0.30479357,0.0002375433
89,synthetic,positive,This has come up again. MFA enrollment keeps timing out before I can finish setup.,The authenticator app won't pair no matter how many times I scan the code.,mfa_setup_fails,mfa_setup_fails,Authentication,Authentication,duplicate,-11.149353,0.08340718,0.00024718384
90,synthetic,easy_negative,This has come up again. I keep getting logged out randomly in the middle of work.,Reporting this again: Chat support just gave generic answers that didn't address my issue. Can someone confirm this is being looked at?,session_logs_out_randomly,agent_unhelpful,Authentication,Customer Success,not_duplicate,-7.2698164,0.2528068,0.00024256657
91,synthetic,easy_negative,Data updated on desktop doesn't show up on mobile until much later.,"Invoice PDF is incomplete, some line items are blank.",sync_not_updating,invoice_missing_details,Engineering,Payments,not_duplicate,-10.125917,0.04928832,0.00024480562
92,synthetic,positive,"The dashboard takes over a minute to load basic data. Happening consistently, not a one-off.","Dashboard is lagging badly, barely usable during peak hours.",dashboard_extremely_slow,dashboard_extremely_slow,Engineering,Engineering,duplicate,-3.9334204,0.22500159,0.00024334699
93,synthetic,positive,"Performance has gotten really bad, pages hang for a long time before loading.","Update: Everything is painfully slow, loading a single page takes forever. Please look into this soon.",dashboard_extremely_slow,dashboard_extremely_slow,Engineering,Engineering,duplicate,-4.428396,0.36829734,0.00024140468
94,synthetic,positive,Still happening - The connection keeps dropping while I'm using the app.,The connection keeps dropping while I'm using the app.,connection_drops_frequently,connection_drops_frequently,Engineering,Engineering,duplicate,7.9254236,0.97946405,0.9777451
95,synthetic,positive,There's no way to actually cancel my subscription from the settings page.,Reporting this again: There's no way to actually cancel my subscription from the settings page. Please look into this soon.,cannot_cancel_subscription,cannot_cancel_subscription,Payments,Payments,duplicate,9.479759,0.86308384,0.9157945
96,synthetic,easy_negative,Reporting this again: API calls are returning errors that weren't happening before. This is affecting my daily work.,Still happening - Two-factor login is stuck because the code never shows up. Can someone confirm this is being looked at?,api_integration_broken,login_otp_not_received,Platform,Authentication,not_duplicate,-7.622135,0.19385776,0.0002428357
97,synthetic,easy_negative,Still happening - The connection keeps dropping while I'm using the app.,Update: The invoice doesn't show a proper tax breakdown for accounting purposes.,connection_drops_frequently,invoice_missing_details,Engineering,Payments,not_duplicate,-10.8255005,0.033003937,0.00023993633
98,synthetic,positive,Update: Records updated by a teammate don't reflect on my screen without a manual refresh. This is affecting my daily work.,"Just ran into this once more: Changes I make aren't syncing across devices. Happening consistently, not a one-off.",sync_not_updating,sync_not_updating,Engineering,Engineering,duplicate,-9.162527,0.2881102,0.00024111805
99,synthetic,positive,"Following up on this: Changing my login email fails with a generic error every time. Happening consistently, not a one-off.",Reporting this again: I can't update the email address linked to my account. Please look into this soon.,cant_change_email,cant_change_email,Authentication,Authentication,duplicate,-8.20888,0.40978745,0.00023598861
100,synthetic,easy_negative,"The password reset link in the email doesn't work, it just shows an error page.","This has come up again. I cancelled weeks ago and still haven't received my refund. Happening consistently, not a one-off.",password_reset_broken,refund_not_processed,Authentication,Payments,not_duplicate,-10.260519,0.06521291,0.00023762711
101,synthetic,hard_negative,"The moment I open the app it force-closes. Happening consistently, not a one-off.","This has come up again. Dashboard is lagging badly, barely usable during peak hours. This is affecting my daily work.",app_crashes_on_open,dashboard_extremely_slow,Engineering,Engineering,not_duplicate,-11.031475,0.13070585,0.00024261583
102,synthetic,easy_negative,My card shows two separate charges for one invoice.,Following up on this: The analytics dashboard is showing numbers that don't match reality.,double_charged,analytics_data_wrong,Payments,Platform,not_duplicate,-11.371689,0.095842816,0.00024041171
103,synthetic,hard_negative,Still happening - Trying to log in via our identity provider throws a token error.,No OTP text message has come through after multiple retries.,sso_login_fails,login_otp_not_received,Authentication,Authentication,not_duplicate,-10.051336,0.14948505,0.00023957515
104,synthetic,positive,Just ran into this once more: Radio silence from support since I opened this ticket.,This has come up again. Radio silence from support since I opened this ticket.,no_response_from_support,no_response_from_support,Customer Success,Customer Success,duplicate,6.516092,0.9746854,0.9811219
105,synthetic,hard_negative,I'm still waiting on any response from the support team. Can someone confirm this is being looked at?,Still happening - Requested a manager review three times with no follow-up at all. This is affecting my daily work.,no_response_from_support,escalation_ignored,Customer Success,Customer Success,not_duplicate,-8.183625,0.29258022,0.00024161904
106,synthetic,positive,Reporting this again: Exporting reports to CSV fails every time I try.,Just ran into this once more: CSV export has been broken for me the past few days.,export_fails,export_fails,Platform,Platform,duplicate,2.4204345,0.728405,0.00045794804
107,synthetic,positive,Reporting this again: Trying to export data throws an error and nothing downloads. Can someone confirm this is being looked at?,"This has come up again. The export button doesn't do anything, no file gets downloaded.",export_fails,export_fails,Platform,Platform,duplicate,-1.3166873,0.7767988,0.00078473403
108,synthetic,hard_negative,Just ran into this once more: There's a duplicate charge on my statement for this plan. Can someone confirm this is being looked at?,"Update: Refund request was accepted but nothing has actually been credited. Happening consistently, not a one-off.",double_charged,refund_not_processed,Payments,Payments,not_duplicate,-8.053121,0.12863387,0.00024753337
109,synthetic,positive,This has come up again. SAML login redirects back with an invalid token message.,Still happening - Trying to log in via our identity provider throws a token error.,sso_login_fails,sso_login_fails,Authentication,Authentication,duplicate,-2.0131898,0.48880503,0.00025811984
110,synthetic,positive,This has come up again. Plan upgrade charged my card but didn't actually upgrade the account. This is affecting my daily work.,Upgrade button just spins forever and never completes.,subscription_upgrade_failed,subscription_upgrade_failed,Payments,Payments,duplicate,-3.3796916,0.30102205,0.00024362486
111,synthetic,hard_negative,Update: Cross-device sync just isn't happening anymore. Can someone confirm this is being looked at?,"Reporting this again: This version introduced a bug that wasn't there before the update. Happening consistently, not a one-off.",sync_not_updating,update_broke_feature,Engineering,Engineering,not_duplicate,-3.9009862,0.2469641,0.00023736559
112,synthetic,hard_negative,"No OTP text message has come through after multiple retries. Happening consistently, not a one-off.",My session expires every few minutes even though I'm active. This is affecting my daily work.,login_otp_not_received,session_logs_out_randomly,Authentication,Authentication,not_duplicate,-11.284016,0.15185195,0.00024930979
113,synthetic,hard_negative,"Reporting this again: There's no way to bulk update multiple tickets at once, only one at a time.","Reporting this again: I set a teammate's access level but it reverts back on its own. Happening consistently, not a one-off.",cant_bulk_edit,permissions_not_saving,Platform,Platform,not_duplicate,-3.3964272,0.2267935,0.00023717918
114,synthetic,positive,Just ran into this once more: Got a copy-pasted response that had nothing to do with my actual question.,Update: Chat support just gave generic answers that didn't address my issue.,agent_unhelpful,agent_unhelpful,Customer Success,Customer Success,duplicate,-7.384919,0.39788425,0.00039487533
115,synthetic,hard_negative,Update: Refund status shows completed but I don't see the amount in my bank.,Update: Generated invoices are missing the company billing address. Can someone confirm this is being looked at?,refund_not_processed,invoice_missing_details,Payments,Payments,not_duplicate,-8.376107,0.17049292,0.00024706227
116,synthetic,positive,The application crashes immediately every time I open it.,"Following up on this: It crashes on startup on my device, happens every single time. Can someone confirm this is being looked at?",app_crashes_on_open,app_crashes_on_open,Engineering,Engineering,duplicate,0.42020822,0.5078368,0.00027599288
117,synthetic,hard_negative,Radio silence from support since I opened this ticket. Can someone confirm this is being looked at?,Reporting this again: Support marks the ticket as resolved but the problem is still there.,no_response_from_support,ticket_reopened_repeatedly,Customer Success,Customer Success,not_duplicate,-3.3046632,0.36044732,0.0003132525
118,synthetic,positive,Just ran into this once more: Uploading a screenshot to a ticket just hangs and never finishes. Can someone confirm this is being looked at?,Uploading a screenshot to a ticket just hangs and never finishes.,attachments_fail_to_upload,attachments_fail_to_upload,Engineering,Engineering,duplicate,5.6109757,0.83071357,0.97712725
119,synthetic,positive,"Reporting this again: There's no way to bulk update multiple tickets at once, only one at a time.",Reporting this again: Bulk actions on the tickets list just don't apply to anything selected.,cant_bulk_edit,cant_bulk_edit,Platform,Platform,duplicate,3.7562566,0.6469336,0.00076807773
120,synthetic,positive,I was charged twice for the same subscription this month. Please look into this soon.,I was charged twice for the same subscription this month. Please look into this soon.,double_charged,double_charged,Payments,Payments,duplicate,8.925373,0.98865324,0.9775553
121,synthetic,positive,Following up on this: Uploading a screenshot to a ticket just hangs and never finishes.,Uploading a screenshot to a ticket just hangs and never finishes.,attachments_fail_to_upload,attachments_fail_to_upload,Engineering,Engineering,duplicate,7.467128,0.96008456,0.9578252
122,synthetic,hard_negative,Still happening - The connection keeps dropping while I'm using the app.,"Data updated on desktop doesn't show up on mobile until much later. Happening consistently, not a one-off.",connection_drops_frequently,sync_not_updating,Engineering,Engineering,not_duplicate,-7.4189715,0.21569625,0.00023757727
123,synthetic,hard_negative,"Still happening - I asked to escalate this issue and nothing has happened since. Happening consistently, not a one-off.","Chat support just gave generic answers that didn't address my issue. Happening consistently, not a one-off.",escalation_ignored,agent_unhelpful,Customer Success,Customer Success,not_duplicate,3.9313228,0.4932043,0.02041088
124,synthetic,positive,Reporting this again: I'm still waiting on any response from the support team. Can someone confirm this is being looked at?,This has come up again. Support hasn't replied to my message even after multiple follow-ups.,no_response_from_support,no_response_from_support,Customer Success,Customer Success,duplicate,-0.9344791,0.5422547,0.0003077193
125,synthetic,positive,Support marks the ticket as resolved but the problem is still there.,I have to keep reopening the same ticket because it's never really fixed. This is affecting my daily work.,ticket_reopened_repeatedly,ticket_reopened_repeatedly,Customer Success,Customer Success,duplicate,-5.976884,0.37953842,0.00033018013
126,synthetic,positive,Just ran into this once more: Single sign-on through our company account fails with an authentication error.,SSO login just spins and never completes.,sso_login_fails,sso_login_fails,Authentication,Authentication,duplicate,-9.505096,0.33463925,0.00024375103
127,synthetic,hard_negative,Following up on this: API calls are returning errors that weren't happening before.,Just ran into this once more: Bulk actions on the tickets list just don't apply to anything selected.,api_integration_broken,cant_bulk_edit,Platform,Platform,not_duplicate,-10.878593,0.14425714,0.0002391233
128,synthetic,hard_negative,"This has come up again. The export button doesn't do anything, no file gets downloaded. Can someone confirm this is being looked at?",API calls are returning errors that weren't happening before.,export_fails,api_integration_broken,Platform,Platform,not_duplicate,-7.9770527,0.21600485,0.00024093903
129,synthetic,positive,Reporting this again: The chat widget just sits there with no agent picking it up. Can someone confirm this is being looked at?,Just ran into this once more: Live chat support shows as available but no one ever responds.,live_chat_unavailable,live_chat_unavailable,Customer Success,Customer Success,duplicate,-7.1330843,0.47685733,0.00030564805
130,synthetic,easy_negative,"No OTP text message has come through after multiple retries. Happening consistently, not a one-off.",Requested a manager review three times with no follow-up at all.,login_otp_not_received,escalation_ignored,Authentication,Customer Success,not_duplicate,-10.690437,0.17824675,0.00023780573
131,synthetic,positive,Update: Our API integration stopped working after the last platform update.,Still happening - The webhook integration isn't firing events anymore. Please look into this soon.,api_integration_broken,api_integration_broken,Platform,Platform,duplicate,-5.2069254,0.20550826,0.00024953522
132,synthetic,hard_negative,Following up on this: Payment fails at checkout despite the card working everywhere else.,Following up on this: Billing deducted the amount twice in the same billing cycle. This is affecting my daily work.,card_declined_incorrectly,double_charged,Payments,Payments,not_duplicate,-5.442826,0.21132903,0.00023639713
133,synthetic,hard_negative,"Update: I clicked forgot password and the reset link is broken. Happening consistently, not a one-off.",Got flagged as suspicious and locked out for no real reason. Please look into this soon.,password_reset_broken,account_locked_incorrectly,Authentication,Authentication,not_duplicate,-8.8109,0.13911913,0.0002399688
134,synthetic,positive,Reporting this again: My account wallet balance is showing an incorrect amount. Can someone confirm this is being looked at?,Wallet shows less credit than what was added last week. This is affecting my daily work.,wallet_balance_incorrect,wallet_balance_incorrect,Payments,Payments,duplicate,-3.5907948,0.4043283,0.0002368332
135,synthetic,positive,Following up on this: Requested a manager review three times with no follow-up at all.,Update: I asked to escalate this issue and nothing has happened since.,escalation_ignored,escalation_ignored,Customer Success,Customer Success,duplicate,-8.503161,0.17628472,0.00023815743
136,synthetic,positive,Something in the newest release broke a workflow I rely on daily. This is affecting my daily work.,Something in the newest release broke a workflow I rely on daily.,update_broke_feature,update_broke_feature,Engineering,Engineering,duplicate,7.3165464,0.91496855,0.98578185
137,synthetic,positive,Following up on this: Reset password flow throws a 404 as soon as I click the emailed link.,"Just ran into this once more: Can't reset my password, the link expires instantly. Can someone confirm this is being looked at?",password_reset_broken,password_reset_broken,Authentication,Authentication,duplicate,-2.1249948,0.4768488,0.00024044656
138,synthetic,easy_negative,There's a duplicate charge on my statement for this plan.,"Just ran into this once more: App refuses to open, just crashes back to the home screen.",double_charged,app_crashes_on_open,Payments,Engineering,not_duplicate,-11.356401,0.04385827,0.00024494666
139,synthetic,easy_negative,I was charged twice for the same subscription this month. Please look into this soon.,Just ran into this once more: Search returns no results even for terms I know exist in my tickets.,double_charged,search_returns_nothing,Payments,Engineering,not_duplicate,-9.7115965,0.114652626,0.00024496135
140,synthetic,hard_negative,"Still happening - Refund status shows completed but I don't see the amount in my bank. Happening consistently, not a one-off.",The credit balance doesn't match what I actually topped up. Please look into this soon.,refund_not_processed,wallet_balance_incorrect,Payments,Payments,not_duplicate,-7.9318867,0.23914294,0.00024786542
141,synthetic,easy_negative,Still happening - The dashboard takes over a minute to load basic data. This is affecting my daily work.,My card shows two separate charges for one invoice. This is affecting my daily work.,dashboard_extremely_slow,double_charged,Engineering,Payments,not_duplicate,-4.404145,0.32110167,0.00027436521
142,synthetic,hard_negative,"Reporting this again: My ticket keeps getting closed before the issue is actually resolved. Happening consistently, not a one-off.",Chat support just gave generic answers that didn't address my issue.,ticket_reopened_repeatedly,agent_unhelpful,Customer Success,Customer Success,not_duplicate,-8.18771,0.1731987,0.00024069015
143,synthetic,positive,This has come up again. API responses started returning malformed data out of nowhere. Can someone confirm this is being looked at?,API calls are returning errors that weren't happening before.,api_integration_broken,api_integration_broken,Platform,Platform,duplicate,1.348029,0.70526075,0.0006400345
144,synthetic,hard_negative,"The verification code never arrived on my phone, so I can't sign in. Happening consistently, not a one-off.","Password reset email arrives but the link leads to a blank screen. Happening consistently, not a one-off.",login_otp_not_received,password_reset_broken,Authentication,Authentication,not_duplicate,0.91116333,0.5575226,0.029233282
145,synthetic,easy_negative,I'm still waiting on any response from the support team.,Update: The invoice doesn't show a proper tax breakdown for accounting purposes. This is affecting my daily work.,no_response_from_support,invoice_missing_details,Customer Success,Payments,not_duplicate,-11.351423,0.061048806,0.0002434983
146,synthetic,positive,Reporting this again: I'm not getting notified when a new ticket is assigned to me. Please look into this soon.,"Still happening - Notification alerts for updates have completely stopped coming through. Happening consistently, not a one-off.",notifications_not_sent,notifications_not_sent,Platform,Platform,duplicate,-5.9540577,0.1962885,0.00024948572
147,synthetic,hard_negative,Export just spins indefinitely and never produces a file. Please look into this soon.,Role permissions keep resetting to default after I configure them.,export_fails,permissions_not_saving,Platform,Platform,not_duplicate,-11.098004,0.055004235,0.00024418274
148,synthetic,hard_negative,This has come up again. The cancel button on the billing page does nothing when clicked. Can someone confirm this is being looked at?,"Still happening - Invoice PDF is incomplete, some line items are blank. Can someone confirm this is being looked at?",cannot_cancel_subscription,invoice_missing_details,Payments,Payments,not_duplicate,-0.63930917,0.45044333,0.00090644264
149,synthetic,positive,"Reporting this again: This version introduced a bug that wasn't there before the update. Happening consistently, not a one-off.",This has come up again. The latest update broke a feature that was working fine before. Can someone confirm this is being looked at?,update_broke_feature,update_broke_feature,Engineering,Engineering,duplicate,-2.9205294,0.647967,0.00025388974
150,synthetic,hard_negative,"Reporting this again: I set a teammate's access level but it reverts back on its own. Happening consistently, not a one-off.",Following up on this: API calls are returning errors that weren't happening before.,permissions_not_saving,api_integration_broken,Platform,Platform,not_duplicate,-7.6561165,0.27418706,0.00023855898
