model,threshold,TP,FP,TN,FN,precision,recall,f1
MS-MARCO,-11.415907010000002,75,75,0,0,0.5,1.0,0.6666666666666666
MS-MARCO,-11.415907,75,75,0,0,0.5,1.0,0.6666666666666666
MS-MARCO,-11.371689,75,74,1,0,0.5033557046979866,1.0,0.6696428571428572
MS-MARCO,-11.356401,75,73,2,0,0.5067567567567568,1.0,0.672645739910314
MS-MARCO,-11.351423,75,72,3,0,0.5102040816326531,1.0,0.6756756756756758
MS-MARCO,-11.304293,75,71,4,0,0.5136986301369864,1.0,0.6787330316742082
MS-MARCO,-11.284016,75,70,5,0,0.5172413793103449,1.0,0.6818181818181819
MS-MARCO,-11.149353,75,69,6,0,0.5208333333333334,1.0,0.684931506849315
MS-MARCO,-11.098004,74,69,6,1,0.5174825174825175,0.9866666666666667,0.6788990825688073
MS-MARCO,-11.042424,74,68,7,1,0.5211267605633803,0.9866666666666667,0.6820276497695853
MS-MARCO,-11.031475,74,67,8,1,0.524822695035461,0.9866666666666667,0.6851851851851852
MS-MARCO,-10.925123,74,66,9,1,0.5285714285714286,0.9866666666666667,0.6883720930232557
MS-MARCO,-10.878593,74,65,10,1,0.5323741007194245,0.9866666666666667,0.691588785046729
MS-MARCO,-10.8255005,74,64,11,1,0.5362318840579711,0.9866666666666667,0.6948356807511737
MS-MARCO,-10.77792,74,63,12,1,0.5401459854014599,0.9866666666666667,0.6981132075471698
MS-MARCO,-10.726285,74,62,13,1,0.5441176470588235,0.9866666666666667,0.7014218009478673
MS-MARCO,-10.715034,73,62,13,2,0.5407407407407407,0.9733333333333334,0.6952380952380952
MS-MARCO,-10.690437,72,62,13,3,0.5373134328358209,0.96,0.6889952153110048
MS-MARCO,-10.6874895,72,61,14,3,0.5413533834586466,0.96,0.6923076923076922
MS-MARCO,-10.564074,72,60,15,3,0.5454545454545454,0.96,0.6956521739130435
MS-MARCO,-10.435787,72,59,16,3,0.549618320610687,0.96,0.6990291262135923
MS-MARCO,-10.366177,72,58,17,3,0.5538461538461539,0.96,0.7024390243902439
MS-MARCO,-10.358753,72,57,18,3,0.5581395348837209,0.96,0.7058823529411763
MS-MARCO,-10.260519,72,56,19,3,0.5625,0.96,0.7093596059113301
MS-MARCO,-10.125917,72,55,20,3,0.5669291338582677,0.96,0.712871287128713
MS-MARCO,-10.097431,72,54,21,3,0.5714285714285714,0.96,0.7164179104477612
MS-MARCO,-10.051336,72,53,22,3,0.576,0.96,0.7199999999999999
MS-MARCO,-10.007395,72,52,23,3,0.5806451612903226,0.96,0.7236180904522614
MS-MARCO,-9.880104,72,51,24,3,0.5853658536585366,0.96,0.7272727272727272
MS-MARCO,-9.857826,72,50,25,3,0.5901639344262295,0.96,0.7309644670050761
MS-MARCO,-9.758524,72,49,26,3,0.5950413223140496,0.96,0.7346938775510204
MS-MARCO,-9.7115965,71,49,26,4,0.5916666666666667,0.9466666666666667,0.7282051282051282
MS-MARCO,-9.505096,71,48,27,4,0.5966386554621849,0.9466666666666667,0.7319587628865979
MS-MARCO,-9.487015,70,48,27,5,0.5932203389830508,0.9333333333333333,0.7253886010362695
MS-MARCO,-9.41726,70,47,28,5,0.5982905982905983,0.9333333333333333,0.7291666666666667
MS-MARCO,-9.28804,69,47,28,6,0.5948275862068966,0.92,0.7225130890052356
MS-MARCO,-9.2661495,69,46,29,6,0.6,0.92,0.7263157894736842
MS-MARCO,-9.192382,68,46,29,7,0.5964912280701754,0.9066666666666666,0.7195767195767195
MS-MARCO,-9.162527,68,45,30,7,0.6017699115044248,0.9066666666666666,0.7234042553191489
MS-MARCO,-9.098122,67,45,30,8,0.5982142857142857,0.8933333333333333,0.7165775401069517
MS-MARCO,-9.0057335,67,44,31,8,0.6036036036036037,0.8933333333333333,0.7204301075268817
MS-MARCO,-8.963495,67,43,32,8,0.6090909090909091,0.8933333333333333,0.7243243243243244
MS-MARCO,-8.923197,67,42,33,8,0.6146788990825688,0.8933333333333333,0.7282608695652175
MS-MARCO,-8.900175,67,41,34,8,0.6203703703703703,0.8933333333333333,0.7322404371584699
MS-MARCO,-8.875362,67,40,35,8,0.6261682242990654,0.8933333333333333,0.7362637362637362
MS-MARCO,-8.8109,67,39,36,8,0.6320754716981132,0.8933333333333333,0.7403314917127072
MS-MARCO,-8.698521,67,38,37,8,0.638095238095238,0.8933333333333333,0.7444444444444445
MS-MARCO,-8.591705,66,38,37,9,0.6346153846153846,0.88,0.7374301675977655
MS-MARCO,-8.507228,66,37,38,9,0.6407766990291263,0.88,0.7415730337078652
MS-MARCO,-8.503161,65,37,38,10,0.6372549019607843,0.8666666666666667,0.7344632768361582
MS-MARCO,-8.376107,64,37,38,11,0.6336633663366337,0.8533333333333334,0.7272727272727273
MS-MARCO,-8.224177,64,36,39,11,0.64,0.8533333333333334,0.7314285714285714
MS-MARCO,-8.20888,63,36,39,12,0.6363636363636364,0.84,0.7241379310344828
MS-MARCO,-8.191834,62,36,39,13,0.6326530612244898,0.8266666666666667,0.7167630057803468
MS-MARCO,-8.18771,62,35,40,13,0.6391752577319587,0.8266666666666667,0.7209302325581395
MS-MARCO,-8.183625,62,34,41,13,0.6458333333333334,0.8266666666666667,0.7251461988304094
MS-MARCO,-8.175923,62,33,42,13,0.6526315789473685,0.8266666666666667,0.7294117647058824
MS-MARCO,-8.127716,61,33,42,14,0.648936170212766,0.8133333333333334,0.7218934911242603
MS-MARCO,-8.07111,61,32,43,14,0.6559139784946236,0.8133333333333334,0.726190476190476
MS-MARCO,-8.0673065,60,32,43,15,0.6521739130434783,0.8,0.718562874251497
MS-MARCO,-8.053121,59,32,43,16,0.6483516483516484,0.7866666666666666,0.710843373493976
MS-MARCO,-7.993714,59,31,44,16,0.6555555555555556,0.7866666666666666,0.7151515151515152
MS-MARCO,-7.9770527,58,31,44,17,0.651685393258427,0.7733333333333333,0.7073170731707319
MS-MARCO,-7.9318867,58,30,45,17,0.6590909090909091,0.7733333333333333,0.7116564417177914
MS-MARCO,-7.907609,58,29,46,17,0.6666666666666666,0.7733333333333333,0.7160493827160493
MS-MARCO,-7.860283,57,29,46,18,0.6627906976744186,0.76,0.7080745341614907
MS-MARCO,-7.8424115,57,28,47,18,0.6705882352941176,0.76,0.7124999999999999
MS-MARCO,-7.6561165,56,28,47,19,0.6666666666666666,0.7466666666666667,0.7044025157232704
MS-MARCO,-7.6379004,56,27,48,19,0.6746987951807228,0.7466666666666667,0.708860759493671
MS-MARCO,-7.622135,55,27,48,20,0.6707317073170732,0.7333333333333333,0.7006369426751593
MS-MARCO,-7.594557,55,26,49,20,0.6790123456790124,0.7333333333333333,0.7051282051282051
MS-MARCO,-7.5001707,55,25,50,20,0.6875,0.7333333333333333,0.7096774193548386
MS-MARCO,-7.4189715,55,24,51,20,0.6962025316455697,0.7333333333333333,0.7142857142857143
MS-MARCO,-7.384919,55,23,52,20,0.7051282051282052,0.7333333333333333,0.7189542483660132
MS-MARCO,-7.3846602,54,23,52,21,0.7012987012987013,0.72,0.7105263157894737
MS-MARCO,-7.2698164,54,22,53,21,0.7105263157894737,0.72,0.7152317880794702
MS-MARCO,-7.1330843,54,21,54,21,0.72,0.72,0.72
MS-MARCO,-6.9980874,53,21,54,22,0.7162162162162162,0.7066666666666667,0.7114093959731544
MS-MARCO,-6.9767,52,21,54,23,0.7123287671232876,0.6933333333333334,0.7027027027027026
MS-MARCO,-6.862646,52,20,55,23,0.7222222222222222,0.6933333333333334,0.7074829931972788
MS-MARCO,-6.7423267,51,20,55,24,0.7183098591549296,0.68,0.6986301369863014
MS-MARCO,-6.612918,50,20,55,25,0.7142857142857143,0.6666666666666666,0.689655172413793
MS-MARCO,-6.3225355,50,19,56,25,0.7246376811594203,0.6666666666666666,0.6944444444444444
MS-MARCO,-6.2397776,49,19,56,26,0.7205882352941176,0.6533333333333333,0.6853146853146852
MS-MARCO,-5.976884,49,18,57,26,0.7313432835820896,0.6533333333333333,0.6901408450704225
MS-MARCO,-5.956501,48,18,57,27,0.7272727272727273,0.64,0.6808510638297872
MS-MARCO,-5.9540577,48,17,58,27,0.7384615384615385,0.64,0.6857142857142857
MS-MARCO,-5.816923,47,17,58,28,0.734375,0.6266666666666667,0.6762589928057554
MS-MARCO,-5.7049484,46,17,58,29,0.7301587301587301,0.6133333333333333,0.6666666666666665
MS-MARCO,-5.6195035,45,17,58,30,0.7258064516129032,0.6,0.6569343065693432
MS-MARCO,-5.505805,45,16,59,30,0.7377049180327869,0.6,0.6617647058823529
MS-MARCO,-5.442826,44,16,59,31,0.7333333333333333,0.5866666666666667,0.6518518518518519
MS-MARCO,-5.314095,44,15,60,31,0.7457627118644068,0.5866666666666667,0.6567164179104478
MS-MARCO,-5.2069254,43,15,60,32,0.7413793103448276,0.5733333333333334,0.6466165413533834
MS-MARCO,-5.0942173,42,15,60,33,0.7368421052631579,0.56,0.6363636363636364
MS-MARCO,-4.7969036,41,15,60,34,0.7321428571428571,0.5466666666666666,0.6259541984732825
MS-MARCO,-4.556209,41,14,61,34,0.7454545454545455,0.5466666666666666,0.6307692307692307
MS-MARCO,-4.5296435,41,13,62,34,0.7592592592592593,0.5466666666666666,0.6356589147286822
MS-MARCO,-4.428396,40,13,62,35,0.7547169811320755,0.5333333333333333,0.625
MS-MARCO,-4.404145,39,13,62,36,0.75,0.52,0.6141732283464567
MS-MARCO,-4.2860804,39,12,63,36,0.7647058823529411,0.52,0.6190476190476191
MS-MARCO,-3.9334204,38,12,63,37,0.76,0.5066666666666667,0.6080000000000001
MS-MARCO,-3.9009862,37,12,63,38,0.7551020408163265,0.49333333333333335,0.5967741935483871
MS-MARCO,-3.7676413,37,11,64,38,0.7708333333333334,0.49333333333333335,0.6016260162601627
MS-MARCO,-3.5907948,37,10,65,38,0.7872340425531915,0.49333333333333335,0.6065573770491803
MS-MARCO,-3.500731,36,10,65,39,0.782608695652174,0.48,0.5950413223140497
MS-MARCO,-3.3964272,35,10,65,40,0.7777777777777778,0.4666666666666667,0.5833333333333334
MS-MARCO,-3.3796916,35,9,66,40,0.7954545454545454,0.4666666666666667,0.5882352941176471
MS-MARCO,-3.3046632,34,9,66,41,0.7906976744186046,0.4533333333333333,0.576271186440678
MS-MARCO,-3.0705748,34,8,67,41,0.8095238095238095,0.4533333333333333,0.5811965811965811
MS-MARCO,-2.9205294,33,8,67,42,0.8048780487804879,0.44,0.5689655172413793
MS-MARCO,-2.5138235,32,8,67,43,0.8,0.4266666666666667,0.5565217391304348
MS-MARCO,-2.1249948,32,7,68,43,0.8205128205128205,0.4266666666666667,0.5614035087719298
MS-MARCO,-2.0131898,31,7,68,44,0.8157894736842105,0.41333333333333333,0.5486725663716814
MS-MARCO,-1.8916535,30,7,68,45,0.8108108108108109,0.4,0.5357142857142857
MS-MARCO,-1.3166873,30,6,69,45,0.8333333333333334,0.4,0.5405405405405406
MS-MARCO,-1.2912498,29,6,69,46,0.8285714285714286,0.38666666666666666,0.5272727272727272
MS-MARCO,-0.9344791,28,6,69,47,0.8235294117647058,0.37333333333333335,0.5137614678899083
MS-MARCO,-0.903803,27,6,69,48,0.8181818181818182,0.36,0.5
MS-MARCO,-0.6840441,26,6,69,49,0.8125,0.3466666666666667,0.48598130841121495
MS-MARCO,-0.63930917,26,5,70,49,0.8387096774193549,0.3466666666666667,0.490566037735849
MS-MARCO,-0.16806057,26,4,71,49,0.8666666666666667,0.3466666666666667,0.49523809523809526
MS-MARCO,-0.11255714,25,4,71,50,0.8620689655172413,0.3333333333333333,0.4807692307692308
MS-MARCO,0.24747352,25,3,72,50,0.8928571428571429,0.3333333333333333,0.48543689320388345
MS-MARCO,0.42020822,24,3,72,51,0.8888888888888888,0.32,0.47058823529411764
MS-MARCO,0.9107316,23,3,72,52,0.8846153846153846,0.30666666666666664,0.4554455445544554
MS-MARCO,0.91116333,22,3,72,53,0.88,0.29333333333333333,0.44
MS-MARCO,1.348029,22,2,73,53,0.9166666666666666,0.29333333333333333,0.4444444444444445
MS-MARCO,1.4173958,21,2,73,54,0.9130434782608695,0.28,0.42857142857142866
MS-MARCO,1.7308416,20,2,73,55,0.9090909090909091,0.26666666666666666,0.41237113402061853
MS-MARCO,2.4204345,20,1,74,55,0.9523809523809523,0.26666666666666666,0.4166666666666667
MS-MARCO,2.6926172,19,1,74,56,0.95,0.25333333333333335,0.39999999999999997
MS-MARCO,3.7562566,18,1,74,57,0.9473684210526315,0.24,0.38297872340425526
MS-MARCO,3.9313228,17,1,74,58,0.9444444444444444,0.22666666666666666,0.3655913978494624
MS-MARCO,4.6717043,17,0,75,58,1.0,0.22666666666666666,0.3695652173913044
MS-MARCO,4.8421125,16,0,75,59,1.0,0.21333333333333335,0.3516483516483517
MS-MARCO,5.6109757,15,0,75,60,1.0,0.2,0.33333333333333337
MS-MARCO,6.357125,14,0,75,61,1.0,0.18666666666666668,0.3146067415730337
MS-MARCO,6.4815884,13,0,75,62,1.0,0.17333333333333334,0.29545454545454547
MS-MARCO,6.516092,12,0,75,63,1.0,0.16,0.2758620689655173
MS-MARCO,6.7391267,11,0,75,64,1.0,0.14666666666666667,0.2558139534883721
MS-MARCO,7.0961676,10,0,75,65,1.0,0.13333333333333333,0.23529411764705882
MS-MARCO,7.3165464,9,0,75,66,1.0,0.12,0.21428571428571425
MS-MARCO,7.467128,8,0,75,67,1.0,0.10666666666666667,0.1927710843373494
MS-MARCO,7.6097183,7,0,75,68,1.0,0.09333333333333334,0.17073170731707318
MS-MARCO,7.9254236,6,0,75,69,1.0,0.08,0.14814814814814814
MS-MARCO,8.530438,5,0,75,70,1.0,0.06666666666666667,0.125
MS-MARCO,8.925373,4,0,75,71,1.0,0.05333333333333334,0.10126582278481014
MS-MARCO,9.302307,3,0,75,72,1.0,0.04,0.07692307692307693
MS-MARCO,9.391525,2,0,75,73,1.0,0.02666666666666667,0.05194805194805195
MS-MARCO,9.479759,1,0,75,74,1.0,0.013333333333333334,0.02631578947368421
MS-MARCO,9.47975901,0,0,75,75,0.0,0.0,0.0
STS-B,0.033003926999999995,75,75,0,0,0.5,1.0,0.6666666666666666
STS-B,0.033003937,75,75,0,0,0.5,1.0,0.6666666666666666
STS-B,0.04385827,75,74,1,0,0.5033557046979866,1.0,0.6696428571428572
STS-B,0.044322755,75,73,2,0,0.5067567567567568,1.0,0.672645739910314
STS-B,0.04644328,75,72,3,0,0.5102040816326531,1.0,0.6756756756756758
STS-B,0.04903642,75,71,4,0,0.5136986301369864,1.0,0.6787330316742082
STS-B,0.04928832,75,70,5,0,0.5172413793103449,1.0,0.6818181818181819
STS-B,0.055004235,75,69,6,0,0.5208333333333334,1.0,0.684931506849315
STS-B,0.061048806,75,68,7,0,0.5244755244755245,1.0,0.6880733944954128
STS-B,0.06388476,75,67,8,0,0.528169014084507,1.0,0.6912442396313364
STS-B,0.06521291,75,66,9,0,0.5319148936170213,1.0,0.6944444444444444
STS-B,0.08039182,75,65,10,0,0.5357142857142857,1.0,0.6976744186046512
STS-B,0.08340718,75,64,11,0,0.539568345323741,1.0,0.7009345794392523
STS-B,0.090584695,74,64,11,1,0.5362318840579711,0.9866666666666667,0.6948356807511737
STS-B,0.09149618,74,63,12,1,0.5401459854014599,0.9866666666666667,0.6981132075471698
STS-B,0.095842816,74,62,13,1,0.5441176470588235,0.9866666666666667,0.7014218009478673
STS-B,0.104123026,74,61,14,1,0.5481481481481482,0.9866666666666667,0.7047619047619047
STS-B,0.114652626,74,60,15,1,0.5522388059701493,0.9866666666666667,0.708133971291866
STS-B,0.1160879,74,59,16,1,0.556390977443609,0.9866666666666667,0.7115384615384616
STS-B,0.123299554,74,58,17,1,0.5606060606060606,0.9866666666666667,0.714975845410628
STS-B,0.12863387,74,57,18,1,0.5648854961832062,0.9866666666666667,0.7184466019417477
STS-B,0.13070585,74,56,19,1,0.5692307692307692,0.9866666666666667,0.7219512195121951
STS-B,0.13911913,74,55,20,1,0.5736434108527132,0.9866666666666667,0.7254901960784313
STS-B,0.14154018,74,54,21,1,0.578125,0.9866666666666667,0.729064039408867
STS-B,0.14425714,74,53,22,1,0.5826771653543307,0.9866666666666667,0.7326732673267327
STS-B,0.14928372,74,52,23,1,0.5873015873015873,0.9866666666666667,0.736318407960199
STS-B,0.14948505,73,52,23,2,0.584,0.9733333333333334,0.73
STS-B,0.15185195,73,51,24,2,0.5887096774193549,0.9733333333333334,0.7336683417085429
STS-B,0.15220523,73,50,25,2,0.5934959349593496,0.9733333333333334,0.7373737373737373
STS-B,0.15394667,73,49,26,2,0.5983606557377049,0.9733333333333334,0.7411167512690356
STS-B,0.15884899,73,48,27,2,0.6033057851239669,0.9733333333333334,0.7448979591836734
STS-B,0.160269,73,47,28,2,0.6083333333333333,0.9733333333333334,0.7487179487179488
STS-B,0.16421065,72,47,28,3,0.6050420168067226,0.96,0.7422680412371133
STS-B,0.17049292,72,46,29,3,0.6101694915254238,0.96,0.7461139896373056
STS-B,0.1731987,72,45,30,3,0.6153846153846154,0.96,0.7500000000000001
STS-B,0.17468923,72,44,31,3,0.6206896551724138,0.96,0.7539267015706806
STS-B,0.17628472,72,43,32,3,0.6260869565217392,0.96,0.7578947368421053
STS-B,0.17824675,71,43,32,4,0.6228070175438597,0.9466666666666667,0.7513227513227514
STS-B,0.1792287,71,42,33,4,0.6283185840707964,0.9466666666666667,0.7553191489361702
STS-B,0.1874433,71,41,34,4,0.6339285714285714,0.9466666666666667,0.7593582887700535
STS-B,0.19385776,71,40,35,4,0.6396396396396397,0.9466666666666667,0.7634408602150538
STS-B,0.1962885,71,39,36,4,0.6454545454545455,0.9466666666666667,0.7675675675675675
STS-B,0.2050409,70,39,36,5,0.6422018348623854,0.9333333333333333,0.7608695652173914
STS-B,0.20550826,70,38,37,5,0.6481481481481481,0.9333333333333333,0.7650273224043717
STS-B,0.21132903,69,38,37,6,0.6448598130841121,0.92,0.7582417582417582
STS-B,0.21356092,69,37,38,6,0.6509433962264151,0.92,0.7624309392265193
STS-B,0.21402644,68,37,38,7,0.6476190476190476,0.9066666666666666,0.7555555555555555
STS-B,0.21489574,67,37,38,8,0.6442307692307693,0.8933333333333333,0.7486033519553071
STS-B,0.21507005,66,37,38,9,0.6407766990291263,0.88,0.7415730337078652
STS-B,0.21519996,65,37,38,10,0.6372549019607843,0.8666666666666667,0.7344632768361582
STS-B,0.21569625,65,36,39,10,0.6435643564356436,0.8666666666666667,0.7386363636363636
STS-B,0.21600485,65,35,40,10,0.65,0.8666666666666667,0.7428571428571429
STS-B,0.22277763,65,34,41,10,0.6565656565656566,0.8666666666666667,0.7471264367816093
STS-B,0.22500159,64,34,41,11,0.6530612244897959,0.8533333333333334,0.7398843930635838
STS-B,0.2267935,63,34,41,12,0.6494845360824743,0.84,0.7325581395348837
STS-B,0.2277335,63,33,42,12,0.65625,0.84,0.736842105263158
STS-B,0.22854762,63,32,43,12,0.6631578947368421,0.84,0.7411764705882353
STS-B,0.23417456,63,31,44,12,0.6702127659574468,0.84,0.7455621301775148
STS-B,0.23914294,62,31,44,13,0.6666666666666666,0.8266666666666667,0.7380952380952381
STS-B,0.24034773,62,30,45,13,0.6739130434782609,0.8266666666666667,0.7425149700598803
STS-B,0.2405137,62,29,46,13,0.6813186813186813,0.8266666666666667,0.7469879518072289
STS-B,0.24060844,61,29,46,14,0.6777777777777778,0.8133333333333334,0.7393939393939395
STS-B,0.24214014,60,29,46,15,0.6741573033707865,0.8,0.7317073170731706
STS-B,0.2469641,60,28,47,15,0.6818181818181818,0.8,0.7361963190184048
STS-B,0.24731788,60,27,48,15,0.6896551724137931,0.8,0.7407407407407408
STS-B,0.24956012,59,27,48,16,0.686046511627907,0.7866666666666666,0.732919254658385
STS-B,0.2528068,59,26,49,16,0.6941176470588235,0.7866666666666666,0.7374999999999999
STS-B,0.25831205,59,25,50,16,0.7023809523809523,0.7866666666666666,0.7421383647798742
STS-B,0.2611528,58,25,50,17,0.6987951807228916,0.7733333333333333,0.7341772151898734
STS-B,0.26241562,58,24,51,17,0.7073170731707317,0.7733333333333333,0.7388535031847134
STS-B,0.26328084,57,24,51,18,0.7037037037037037,0.76,0.7307692307692308
STS-B,0.26450196,56,24,51,19,0.7,0.7466666666666667,0.7225806451612902
STS-B,0.2676462,56,23,52,19,0.7088607594936709,0.7466666666666667,0.7272727272727272
STS-B,0.2728978,55,23,52,20,0.7051282051282052,0.7333333333333333,0.7189542483660132
STS-B,0.27418706,55,22,53,20,0.7142857142857143,0.7333333333333333,0.7236842105263158
STS-B,0.27560437,55,21,54,20,0.7236842105263158,0.7333333333333333,0.7284768211920529
STS-B,0.28136954,55,20,55,20,0.7333333333333333,0.7333333333333333,0.7333333333333333
STS-B,0.285268,55,19,56,20,0.7432432432432432,0.7333333333333333,0.738255033557047
STS-B,0.287987,54,19,56,21,0.7397260273972602,0.72,0.7297297297297296
STS-B,0.2881102,54,18,57,21,0.75,0.72,0.7346938775510204
STS-B,0.29258022,53,18,57,22,0.7464788732394366,0.7066666666666667,0.7260273972602739
STS-B,0.30102205,53,17,58,22,0.7571428571428571,0.7066666666666667,0.7310344827586207
STS-B,0.30479357,52,17,58,23,0.7536231884057971,0.6933333333333334,0.7222222222222223
STS-B,0.3126017,51,17,58,24,0.75,0.68,0.7132867132867132
STS-B,0.3198469,51,16,59,24,0.7611940298507462,0.68,0.7183098591549296
STS-B,0.32110167,51,15,60,24,0.7727272727272727,0.68,0.7234042553191491
STS-B,0.32186425,51,14,61,24,0.7846153846153846,0.68,0.7285714285714285
STS-B,0.33463925,51,13,62,24,0.796875,0.68,0.7338129496402876
STS-B,0.33917612,50,13,62,25,0.7936507936507936,0.6666666666666666,0.7246376811594203
STS-B,0.3474549,50,12,63,25,0.8064516129032258,0.6666666666666666,0.7299270072992701
STS-B,0.3533385,49,12,63,26,0.8032786885245902,0.6533333333333333,0.7205882352941175
STS-B,0.36020654,48,12,63,27,0.8,0.64,0.7111111111111111
STS-B,0.36044732,48,11,64,27,0.8135593220338984,0.64,0.7164179104477612
STS-B,0.36559135,48,10,65,27,0.8275862068965517,0.64,0.7218045112781956
STS-B,0.3680204,47,10,65,28,0.8245614035087719,0.6266666666666667,0.7121212121212122
STS-B,0.36829734,46,10,65,29,0.8214285714285714,0.6133333333333333,0.7022900763358778
STS-B,0.3707492,45,10,65,30,0.8181818181818182,0.6,0.6923076923076923
STS-B,0.37193337,45,9,66,30,0.8333333333333334,0.6,0.6976744186046512
STS-B,0.37953842,44,9,66,31,0.8301886792452831,0.5866666666666667,0.6875
STS-B,0.38884702,43,9,66,32,0.8269230769230769,0.5733333333333334,0.6771653543307086
STS-B,0.39610243,42,9,66,33,0.8235294117647058,0.56,0.6666666666666666
STS-B,0.39788425,42,8,67,33,0.84,0.56,0.6720000000000002
STS-B,0.39840868,41,8,67,34,0.8367346938775511,0.5466666666666666,0.6612903225806451
STS-B,0.40340796,40,8,67,35,0.8333333333333334,0.5333333333333333,0.6504065040650406
STS-B,0.4043283,39,8,67,36,0.8297872340425532,0.52,0.6393442622950819
STS-B,0.40874842,38,8,67,37,0.8260869565217391,0.5066666666666667,0.628099173553719
STS-B,0.40978745,37,8,67,38,0.8222222222222222,0.49333333333333335,0.6166666666666666
STS-B,0.41288507,36,8,67,39,0.8181818181818182,0.48,0.6050420168067226
STS-B,0.42470175,36,7,68,39,0.8372093023255814,0.48,0.6101694915254237
STS-B,0.42484686,35,7,68,40,0.8333333333333334,0.4666666666666667,0.5982905982905983
STS-B,0.45044333,34,7,68,41,0.8292682926829268,0.4533333333333333,0.5862068965517242
STS-B,0.4768488,34,6,69,41,0.85,0.4533333333333333,0.591304347826087
STS-B,0.47685733,33,6,69,42,0.8461538461538461,0.44,0.5789473684210525
STS-B,0.48443455,32,6,69,43,0.8421052631578947,0.4266666666666667,0.5663716814159292
STS-B,0.48579994,31,6,69,44,0.8378378378378378,0.41333333333333333,0.5535714285714286
STS-B,0.48880503,31,5,70,44,0.8611111111111112,0.41333333333333333,0.5585585585585585
STS-B,0.4932043,30,5,70,45,0.8571428571428571,0.4,0.5454545454545455
STS-B,0.5078368,30,4,71,45,0.8823529411764706,0.4,0.5504587155963303
STS-B,0.5152776,29,4,71,46,0.8787878787878788,0.38666666666666666,0.537037037037037
STS-B,0.52747333,28,4,71,47,0.875,0.37333333333333335,0.5233644859813085
STS-B,0.5422547,27,4,71,48,0.8709677419354839,0.36,0.5094339622641509
STS-B,0.55488056,26,4,71,49,0.8666666666666667,0.3466666666666667,0.49523809523809526
STS-B,0.5575226,25,4,71,50,0.8620689655172413,0.3333333333333333,0.4807692307692308
STS-B,0.56444633,25,3,72,50,0.8928571428571429,0.3333333333333333,0.48543689320388345
STS-B,0.5857811,25,2,73,50,0.9259259259259259,0.3333333333333333,0.49019607843137253
STS-B,0.5890253,24,2,73,51,0.9230769230769231,0.32,0.4752475247524752
STS-B,0.60787356,23,2,73,52,0.92,0.30666666666666664,0.4600000000000001
STS-B,0.60862184,22,2,73,53,0.9166666666666666,0.29333333333333333,0.4444444444444445
STS-B,0.63765305,21,2,73,54,0.9130434782608695,0.28,0.42857142857142866
STS-B,0.6469336,21,1,74,54,0.9545454545454546,0.28,0.43298969072164956
STS-B,0.647967,20,1,74,55,0.9523809523809523,0.26666666666666666,0.4166666666666667
STS-B,0.6703317,19,1,74,56,0.95,0.25333333333333335,0.39999999999999997
STS-B,0.6972141,18,1,74,57,0.9473684210526315,0.24,0.38297872340425526
STS-B,0.70526075,17,1,74,58,0.9444444444444444,0.22666666666666666,0.3655913978494624
STS-B,0.728405,16,1,74,59,0.9411764705882353,0.21333333333333335,0.3478260869565218
STS-B,0.7359456,15,1,74,60,0.9375,0.2,0.32967032967032966
STS-B,0.73772633,15,0,75,60,1.0,0.2,0.33333333333333337
STS-B,0.7424339,14,0,75,61,1.0,0.18666666666666668,0.3146067415730337
STS-B,0.7767988,13,0,75,62,1.0,0.17333333333333334,0.29545454545454547
STS-B,0.8089482,12,0,75,63,1.0,0.16,0.2758620689655173
STS-B,0.83071357,11,0,75,64,1.0,0.14666666666666667,0.2558139534883721
STS-B,0.84149384,10,0,75,65,1.0,0.13333333333333333,0.23529411764705882
STS-B,0.86308384,9,0,75,66,1.0,0.12,0.21428571428571425
STS-B,0.9082743,8,0,75,67,1.0,0.10666666666666667,0.1927710843373494
STS-B,0.91496855,7,0,75,68,1.0,0.09333333333333334,0.17073170731707318
STS-B,0.9584179,6,0,75,69,1.0,0.08,0.14814814814814814
STS-B,0.96008456,5,0,75,70,1.0,0.06666666666666667,0.125
STS-B,0.9746854,4,0,75,71,1.0,0.05333333333333334,0.10126582278481014
STS-B,0.97946405,3,0,75,72,1.0,0.04,0.07692307692307693
STS-B,0.98865324,2,0,75,73,1.0,0.02666666666666667,0.05194805194805195
STS-B,0.9892263,1,0,75,74,1.0,0.013333333333333334,0.02631578947368421
STS-B,0.98922631,0,0,75,75,0.0,0.0,0.0
Quora,0.00023583286,75,75,0,0,0.5,1.0,0.6666666666666666
Quora,0.00023584286,75,75,0,0,0.5,1.0,0.6666666666666666
Quora,0.00023598861,75,74,1,0,0.5033557046979866,1.0,0.6696428571428572
Quora,0.00023633514,74,74,1,1,0.5,0.9866666666666667,0.663677130044843
Quora,0.00023639713,73,74,1,2,0.4965986394557823,0.9733333333333334,0.6576576576576576
Quora,0.00023640839,73,73,2,2,0.5,0.9733333333333334,0.6606334841628959
Quora,0.00023675419,72,73,2,3,0.496551724137931,0.96,0.6545454545454545
Quora,0.0002368332,71,73,2,4,0.4930555555555556,0.9466666666666667,0.6484018264840183
Quora,0.00023699224,70,73,2,5,0.48951048951048953,0.9333333333333333,0.6422018348623854
Quora,0.00023711089,70,72,3,5,0.49295774647887325,0.9333333333333333,0.6451612903225807
Quora,0.00023715339,70,71,4,5,0.49645390070921985,0.9333333333333333,0.6481481481481481
Quora,0.00023717918,70,70,5,5,0.5,0.9333333333333333,0.6511627906976745
Quora,0.00023725924,70,69,6,5,0.5035971223021583,0.9333333333333333,0.6542056074766355
Quora,0.00023736559,70,68,7,5,0.5072463768115942,0.9333333333333333,0.6572769953051644
Quora,0.00023753718,70,67,8,5,0.5109489051094891,0.9333333333333333,0.660377358490566
Quora,0.0002375433,69,67,8,6,0.5073529411764706,0.92,0.6540284360189573
Quora,0.00023756937,68,67,8,7,0.5037037037037037,0.9066666666666666,0.6476190476190475
Quora,0.00023757727,68,66,9,7,0.5074626865671642,0.9066666666666666,0.6507177033492824
Quora,0.00023762711,68,65,10,7,0.5112781954887218,0.9066666666666666,0.6538461538461539
Quora,0.00023765907,68,64,11,7,0.5151515151515151,0.9066666666666666,0.6570048309178743
Quora,0.00023772322,68,63,12,7,0.5190839694656488,0.9066666666666666,0.6601941747572815
Quora,0.00023780573,67,63,12,8,0.5153846153846153,0.8933333333333333,0.6536585365853658
Quora,0.00023796245,67,62,13,8,0.5193798449612403,0.8933333333333333,0.6568627450980392
Quora,0.00023804302,66,62,13,9,0.515625,0.88,0.6502463054187192
Quora,0.00023804935,66,61,14,9,0.5196850393700787,0.88,0.6534653465346535
Quora,0.00023815743,65,61,14,10,0.5158730158730159,0.8666666666666667,0.6467661691542289
Quora,0.00023844735,64,61,14,11,0.512,0.8533333333333334,0.64
Quora,0.00023855898,64,60,15,11,0.5161290322580645,0.8533333333333334,0.64321608040201
Quora,0.00023856013,64,59,16,11,0.5203252032520326,0.8533333333333334,0.6464646464646465
Quora,0.00023865729,64,58,17,11,0.5245901639344263,0.8533333333333334,0.6497461928934011
Quora,0.0002387656,64,57,18,11,0.5289256198347108,0.8533333333333334,0.6530612244897959
Quora,0.00023885602,63,57,18,12,0.525,0.84,0.6461538461538462
Quora,0.0002391233,63,56,19,12,0.5294117647058824,0.84,0.6494845360824743
Quora,0.00023915271,63,55,20,12,0.5338983050847458,0.84,0.6528497409326425
Quora,0.00023919488,63,54,21,12,0.5384615384615384,0.84,0.6562499999999999
Quora,0.00023957515,62,54,21,13,0.5344827586206896,0.8266666666666667,0.6492146596858639
Quora,0.00023962128,62,53,22,13,0.5391304347826087,0.8266666666666667,0.6526315789473685
Quora,0.0002396327,62,52,23,13,0.543859649122807,0.8266666666666667,0.6560846560846562
Quora,0.00023978241,62,51,24,13,0.5486725663716814,0.8266666666666667,0.6595744680851063
Quora,0.00023993633,62,50,25,13,0.5535714285714286,0.8266666666666667,0.6631016042780749
Quora,0.0002399688,62,49,26,13,0.5585585585585585,0.8266666666666667,0.6666666666666666
Quora,0.00024023505,62,48,27,13,0.5636363636363636,0.8266666666666667,0.6702702702702703
Quora,0.00024038329,62,47,28,13,0.5688073394495413,0.8266666666666667,0.6739130434782608
Quora,0.00024041171,61,47,28,14,0.5648148148148148,0.8133333333333334,0.6666666666666666
Quora,0.00024044656,61,46,29,14,0.5700934579439252,0.8133333333333334,0.6703296703296704
Quora,0.00024050112,60,46,29,15,0.5660377358490566,0.8,0.6629834254143646
Quora,0.00024067225,60,45,30,15,0.5714285714285714,0.8,0.6666666666666666
Quora,0.00024069015,59,45,30,16,0.5673076923076923,0.7866666666666666,0.659217877094972
Quora,0.000240801,59,44,31,16,0.5728155339805825,0.7866666666666666,0.6629213483146067
Quora,0.00024093903,59,43,32,16,0.5784313725490197,0.7866666666666666,0.6666666666666666
Quora,0.00024111805,59,42,33,16,0.5841584158415841,0.7866666666666666,0.6704545454545454
Quora,0.00024140468,58,42,33,17,0.58,0.7733333333333333,0.6628571428571428
Quora,0.00024157666,57,42,33,18,0.5757575757575758,0.76,0.6551724137931034
Quora,0.00024161351,56,42,33,19,0.5714285714285714,0.7466666666666667,0.6473988439306357
Quora,0.00024161904,55,42,33,20,0.5670103092783505,0.7333333333333333,0.6395348837209303
Quora,0.00024166743,55,41,34,20,0.5729166666666666,0.7333333333333333,0.6432748538011696
Quora,0.00024166974,54,41,34,21,0.5684210526315789,0.72,0.6352941176470588
Quora,0.00024226078,53,41,34,22,0.5638297872340425,0.7066666666666667,0.6272189349112426
Quora,0.00024256657,52,41,34,23,0.5591397849462365,0.6933333333333334,0.6190476190476191
Quora,0.00024261583,52,40,35,23,0.5652173913043478,0.6933333333333334,0.6227544910179641
Quora,0.0002426496,52,39,36,23,0.5714285714285714,0.6933333333333334,0.6265060240963856
Quora,0.00024273848,52,38,37,23,0.5777777777777777,0.6933333333333334,0.6303030303030303
Quora,0.0002428357,51,38,37,24,0.5730337078651685,0.68,0.6219512195121951
Quora,0.00024290144,51,37,38,24,0.5795454545454546,0.68,0.6257668711656442
Quora,0.00024334699,51,36,39,24,0.5862068965517241,0.68,0.6296296296296295
Quora,0.0002434983,50,36,39,25,0.5813953488372093,0.6666666666666666,0.6211180124223603
Quora,0.00024357888,50,35,40,25,0.5882352941176471,0.6666666666666666,0.625
Quora,0.00024362486,50,34,41,25,0.5952380952380952,0.6666666666666666,0.6289308176100629
Quora,0.00024374522,49,34,41,26,0.5903614457831325,0.6533333333333333,0.620253164556962
Quora,0.00024375103,49,33,42,26,0.5975609756097561,0.6533333333333333,0.6242038216560509
Quora,0.00024390935,48,33,42,27,0.5925925925925926,0.64,0.6153846153846153
Quora,0.00024394634,48,32,43,27,0.6,0.64,0.6193548387096774
Quora,0.00024415343,47,32,43,28,0.5949367088607594,0.6266666666666667,0.6103896103896105
Quora,0.00024418274,47,31,44,28,0.6025641025641025,0.6266666666666667,0.6143790849673203
Quora,0.00024450076,47,30,45,28,0.6103896103896104,0.6266666666666667,0.618421052631579
Quora,0.0002447748,47,29,46,28,0.618421052631579,0.6266666666666667,0.6225165562913908
Quora,0.00024480562,47,28,47,28,0.6266666666666667,0.6266666666666667,0.6266666666666667
Quora,0.00024482523,47,27,48,28,0.6351351351351351,0.6266666666666667,0.6308724832214765
Quora,0.00024484273,47,26,49,28,0.6438356164383562,0.6266666666666667,0.6351351351351352
Quora,0.00024494666,46,26,49,29,0.6388888888888888,0.6133333333333333,0.6258503401360543
Quora,0.00024496135,46,25,50,29,0.647887323943662,0.6133333333333333,0.6301369863013698
Quora,0.00024498353,46,24,51,29,0.6571428571428571,0.6133333333333333,0.6344827586206896
Quora,0.000245235,45,24,51,30,0.6521739130434783,0.6,0.6250000000000001
Quora,0.00024676352,44,24,51,31,0.6470588235294118,0.5866666666666667,0.6153846153846153
Quora,0.0002470578,44,23,52,31,0.6567164179104478,0.5866666666666667,0.619718309859155
Quora,0.00024706227,44,22,53,31,0.6666666666666666,0.5866666666666667,0.6241134751773049
Quora,0.00024718384,44,21,54,31,0.676923076923077,0.5866666666666667,0.6285714285714286
Quora,0.0002473616,43,21,54,32,0.671875,0.5733333333333334,0.6187050359712232
Quora,0.00024753337,42,21,54,33,0.6666666666666666,0.56,0.6086956521739131
Quora,0.00024786542,42,20,55,33,0.6774193548387096,0.56,0.613138686131387
Quora,0.00024930979,42,19,56,33,0.6885245901639344,0.56,0.6176470588235294
Quora,0.00024948572,42,18,57,33,0.7,0.56,0.6222222222222222
Quora,0.00024953522,41,18,57,34,0.6949152542372882,0.5466666666666666,0.6119402985074626
Quora,0.00025097348,40,18,57,35,0.6896551724137931,0.5333333333333333,0.6015037593984963
Quora,0.00025110441,40,17,58,35,0.7017543859649122,0.5333333333333333,0.6060606060606061
Quora,0.00025388974,40,16,59,35,0.7142857142857143,0.5333333333333333,0.6106870229007633
Quora,0.00025393986,39,16,59,36,0.7090909090909091,0.52,0.6000000000000001
Quora,0.00025567104,38,16,59,37,0.7037037037037037,0.5066666666666667,0.5891472868217054
Quora,0.00025607308,38,15,60,37,0.7169811320754716,0.5066666666666667,0.59375
Quora,0.00025810188,37,15,60,38,0.7115384615384616,0.49333333333333335,0.5826771653543308
Quora,0.00025811984,37,14,61,38,0.7254901960784313,0.49333333333333335,0.5873015873015873
Quora,0.00026343693,36,14,61,39,0.72,0.48,0.576
Quora,0.00026448534,35,14,61,40,0.7142857142857143,0.4666666666666667,0.5645161290322581
Quora,0.00027436521,35,13,62,40,0.7291666666666666,0.4666666666666667,0.5691056910569106
Quora,0.00027599288,35,12,63,40,0.7446808510638298,0.4666666666666667,0.5737704918032787
Quora,0.00029090096,34,12,63,41,0.7391304347826086,0.4533333333333333,0.5619834710743801
Quora,0.00029199882,33,12,63,42,0.7333333333333333,0.44,0.5499999999999999
Quora,0.0003003903,32,12,63,43,0.7272727272727273,0.4266666666666667,0.5378151260504203
Quora,0.0003006989,32,11,64,43,0.7441860465116279,0.4266666666666667,0.5423728813559322
Quora,0.0003016358,31,11,64,44,0.7380952380952381,0.41333333333333333,0.5299145299145299
Quora,0.00030253496,31,10,65,44,0.7560975609756098,0.41333333333333333,0.5344827586206896
Quora,0.00030564805,30,10,65,45,0.75,0.4,0.5217391304347827
Quora,0.0003077193,29,10,65,46,0.7435897435897436,0.38666666666666666,0.5087719298245614
Quora,0.0003132525,28,10,65,47,0.7368421052631579,0.37333333333333335,0.49557522123893805
Quora,0.00033018013,28,9,66,47,0.7567567567567568,0.37333333333333335,0.5
Quora,0.00038782036,27,9,66,48,0.75,0.36,0.48648648648648657
Quora,0.00039487533,26,9,66,49,0.7428571428571429,0.3466666666666667,0.4727272727272728
Quora,0.00045794804,25,9,66,50,0.7352941176470589,0.3333333333333333,0.45871559633027525
Quora,0.00046591624,24,9,66,51,0.7272727272727273,0.32,0.4444444444444444
Quora,0.00060992636,23,9,66,52,0.71875,0.30666666666666664,0.42990654205607476
Quora,0.0006400345,22,9,66,53,0.7096774193548387,0.29333333333333333,0.4150943396226416
Quora,0.00076807773,21,9,66,54,0.7,0.28,0.4
Quora,0.0007804311,20,9,66,55,0.6896551724137931,0.26666666666666666,0.38461538461538464
Quora,0.00078473403,20,8,67,55,0.7142857142857143,0.26666666666666666,0.38834951456310673
Quora,0.00090644264,19,8,67,56,0.7037037037037037,0.25333333333333335,0.37254901960784315
Quora,0.0009855813,19,7,68,56,0.7307692307692307,0.25333333333333335,0.3762376237623763
Quora,0.001321181,19,6,69,56,0.76,0.25333333333333335,0.38
Quora,0.0014527846,19,5,70,56,0.7916666666666666,0.25333333333333335,0.38383838383838387
Quora,0.0024143541,18,5,70,57,0.782608695652174,0.24,0.36734693877551017
Quora,0.0040019616,18,4,71,57,0.8181818181818182,0.24,0.37113402061855677
Quora,0.00797686,18,3,72,57,0.8571428571428571,0.24,0.375
Quora,0.008946039,18,2,73,57,0.9,0.24,0.3789473684210526
Quora,0.02041088,17,2,73,58,0.8947368421052632,0.22666666666666666,0.36170212765957444
Quora,0.029233282,17,1,74,58,0.9444444444444444,0.22666666666666666,0.3655913978494624
Quora,0.12633479,17,0,75,58,1.0,0.22666666666666666,0.3695652173913044
Quora,0.17784089,16,0,75,59,1.0,0.21333333333333335,0.3516483516483517
Quora,0.8803565,15,0,75,60,1.0,0.2,0.33333333333333337
Quora,0.9157945,14,0,75,61,1.0,0.18666666666666668,0.3146067415730337
Quora,0.92247564,13,0,75,62,1.0,0.17333333333333334,0.29545454545454547
Quora,0.9561016,12,0,75,63,1.0,0.16,0.2758620689655173
Quora,0.9578252,11,0,75,64,1.0,0.14666666666666667,0.2558139534883721
Quora,0.9649243,10,0,75,65,1.0,0.13333333333333333,0.23529411764705882
Quora,0.9653728,9,0,75,66,1.0,0.12,0.21428571428571425
Quora,0.97261107,8,0,75,67,1.0,0.10666666666666667,0.1927710843373494
Quora,0.97712725,7,0,75,68,1.0,0.09333333333333334,0.17073170731707318
Quora,0.9775553,6,0,75,69,1.0,0.08,0.14814814814814814
Quora,0.9777451,5,0,75,70,1.0,0.06666666666666667,0.125
Quora,0.9811219,4,0,75,71,1.0,0.05333333333333334,0.10126582278481014
Quora,0.9841016,3,0,75,72,1.0,0.04,0.07692307692307693
Quora,0.98578185,2,0,75,73,1.0,0.02666666666666667,0.05194805194805195
Quora,0.9925728,1,0,75,74,1.0,0.013333333333333334,0.02631578947368421
Quora,0.9925728100000001,0,0,75,75,0.0,0.0,0.0
