model,operating_point,threshold,TP,FP,TN,FN,precision,recall,f1
MS-MARCO,Maximum F1,-8.698521,67,38,37,8,0.638095238095238,0.8933333333333333,0.7444444444444445
MS-MARCO,Precision >= 0.90,1.348029,22,2,73,53,0.9166666666666666,0.29333333333333333,0.4444444444444445
MS-MARCO,Precision >= 0.95,2.4204345,20,1,74,55,0.9523809523809523,0.26666666666666666,0.4166666666666667
MS-MARCO,Precision >= 0.97,4.6717043,17,0,75,58,1.0,0.22666666666666666,0.3695652173913044
MS-MARCO,Precision >= 1.00,4.6717043,17,0,75,58,1.0,0.22666666666666666,0.3695652173913044
STS-B,Maximum F1,0.1962885,71,39,36,4,0.6454545454545455,0.9466666666666667,0.7675675675675675
STS-B,Precision >= 0.90,0.5857811,25,2,73,50,0.9259259259259259,0.3333333333333333,0.49019607843137253
STS-B,Precision >= 0.95,0.6469336,21,1,74,54,0.9545454545454546,0.28,0.43298969072164956
STS-B,Precision >= 0.97,0.73772633,15,0,75,60,1.0,0.2,0.33333333333333337
STS-B,Precision >= 1.00,0.73772633,15,0,75,60,1.0,0.2,0.33333333333333337
Quora,Maximum F1,0.00024038329,62,47,28,13,0.5688073394495413,0.8266666666666667,0.6739130434782608
Quora,Precision >= 0.90,0.008946039,18,2,73,57,0.9,0.24,0.3789473684210526
Quora,Precision >= 0.95,0.12633479,17,0,75,58,1.0,0.22666666666666666,0.3695652173913044
Quora,Precision >= 0.97,0.12633479,17,0,75,58,1.0,0.22666666666666666,0.3695652173913044
Quora,Precision >= 1.00,0.12633479,17,0,75,58,1.0,0.22666666666666666,0.3695652173913044
