case_id,case_created_at,case_report_count,issues_in_case,representative_text,representative_cleaned_text,representative_issue_id,representative_complaint_id,representative_match_count,complaint_id,complaint_created_at,complaint_issue_id,complaint_is_duplicate,complaint_text,complaint_cleaned_text,relation_to_representative,stsb_score,threshold,above_threshold
1459,2026-03-15T00:00:00,6,export_fails | subscription_upgrade_failed,just ran once more upgrade button just spins forever never completes happening consistently not one off,just ran once more upgrade button just spins forever never completes happening consistently not one off,subscription_upgrade_failed,2419,1,2798,2026-03-15T00:00:00,subscription_upgrade_failed,True,Upgrade button just spins forever and never completes.,upgrade button just spins forever never completes,same_issue_as_representative,0.7989105582237244,0.5858,True
1459,2026-03-15T00:00:00,6,export_fails | subscription_upgrade_failed,just ran once more upgrade button just spins forever never completes happening consistently not one off,just ran once more upgrade button just spins forever never completes happening consistently not one off,subscription_upgrade_failed,2419,1,2419,2026-03-18T00:00:00,subscription_upgrade_failed,False,"Just ran into this once more: Upgrade button just spins forever and never completes. Happening consistently, not a one-off.",just ran once more upgrade button just spins forever never completes happening consistently not one off,same_issue_as_representative,0.9914997220039368,0.5858,True
1459,2026-03-15T00:00:00,6,export_fails | subscription_upgrade_failed,just ran once more upgrade button just spins forever never completes happening consistently not one off,just ran once more upgrade button just spins forever never completes happening consistently not one off,subscription_upgrade_failed,2419,1,2755,2026-04-06T00:00:00,subscription_upgrade_failed,True,Just ran into this once more: Upgrading my plan keeps failing at the payment step.,just ran once more upgrading plan keeps failing payment step,same_issue_as_representative,0.7261046767234802,0.5858,True
1459,2026-03-15T00:00:00,6,export_fails | subscription_upgrade_failed,just ran once more upgrade button just spins forever never completes happening consistently not one off,just ran once more upgrade button just spins forever never completes happening consistently not one off,subscription_upgrade_failed,2419,1,2471,2026-04-20T00:00:00,export_fails,True,Export just spins indefinitely and never produces a file.,export just spins indefinitely never produces file,cross_issue_vs_representative,0.5963968634605408,0.5858,True
1459,2026-03-15T00:00:00,6,export_fails | subscription_upgrade_failed,just ran once more upgrade button just spins forever never completes happening consistently not one off,just ran once more upgrade button just spins forever never completes happening consistently not one off,subscription_upgrade_failed,2419,1,2448,2026-04-21T00:00:00,subscription_upgrade_failed,True,"Still happening - Upgrade button just spins forever and never completes. Happening consistently, not a one-off.",still happening upgrade button just spins forever never completes happening consistently not one off,same_issue_as_representative,0.9363556504249573,0.5858,True
1459,2026-03-15T00:00:00,6,export_fails | subscription_upgrade_failed,just ran once more upgrade button just spins forever never completes happening consistently not one off,just ran once more upgrade button just spins forever never completes happening consistently not one off,subscription_upgrade_failed,2419,1,2552,2026-04-26T00:00:00,subscription_upgrade_failed,True,"This has come up again. Upgrade button just spins forever and never completes. Happening consistently, not a one-off.",come up again upgrade button just spins forever never completes happening consistently not one off,same_issue_as_representative,0.979899525642395,0.5858,True
1464,2026-03-28T00:00:00,5,live_chat_unavailable | no_response_from_support,live chat support shows as available no one ever responds,live chat support shows as available no one ever responds,live_chat_unavailable,2424,2,2531,2026-03-28T00:00:00,no_response_from_support,True,No one has responded to my request for help yet.,no one responded request help yet,cross_issue_vs_representative,0.5893898606300354,0.5858,True
1464,2026-03-28T00:00:00,5,live_chat_unavailable | no_response_from_support,live chat support shows as available no one ever responds,live chat support shows as available no one ever responds,live_chat_unavailable,2424,2,2724,2026-04-08T00:00:00,live_chat_unavailable,True,Just ran into this once more: Live chat support shows as available but no one ever responds.,just ran once more live chat support shows as available no one ever responds,same_issue_as_representative,0.8471836447715759,0.5858,True
1464,2026-03-28T00:00:00,5,live_chat_unavailable | no_response_from_support,live chat support shows as available no one ever responds,live chat support shows as available no one ever responds,live_chat_unavailable,2424,2,2702,2026-05-21T00:00:00,live_chat_unavailable,True,Still happening - Live chat support shows as available but no one ever responds.,still happening live chat support shows as available no one ever responds,same_issue_as_representative,0.9768595099449158,0.5858,True
1464,2026-03-28T00:00:00,5,live_chat_unavailable | no_response_from_support,live chat support shows as available no one ever responds,live chat support shows as available no one ever responds,live_chat_unavailable,2424,2,2424,2026-05-22T00:00:00,live_chat_unavailable,False,Live chat support shows as available but no one ever responds.,live chat support shows as available no one ever responds,same_issue_as_representative,0.9898462891578674,0.5858,True
1464,2026-03-28T00:00:00,5,live_chat_unavailable | no_response_from_support,live chat support shows as available no one ever responds,live chat support shows as available no one ever responds,live_chat_unavailable,2424,2,2577,2026-05-24T00:00:00,live_chat_unavailable,True,Live chat support shows as available but no one ever responds.,live chat support shows as available no one ever responds,same_issue_as_representative,0.9898462891578674,0.5858,True
1468,2026-03-10T00:00:00,10,no_response_from_support | refund_not_processed | ticket_reopened_repeatedly,update keep reopening same ticket s never really fixed someone confirm looked,update keep reopening same ticket s never really fixed someone confirm looked,ticket_reopened_repeatedly,2428,1,2768,2026-03-10T00:00:00,ticket_reopened_repeatedly,True,"Reporting this again: My ticket keeps getting closed before the issue is actually resolved. Happening consistently, not a one-off.",reporting again ticket keeps getting closed before issue actually resolved happening consistently not one off,same_issue_as_representative,0.6282694339752197,0.5858,True
1468,2026-03-10T00:00:00,10,no_response_from_support | refund_not_processed | ticket_reopened_repeatedly,update keep reopening same ticket s never really fixed someone confirm looked,update keep reopening same ticket s never really fixed someone confirm looked,ticket_reopened_repeatedly,2428,1,2540,2026-03-18T00:00:00,no_response_from_support,True,Radio silence from support since I opened this ticket. Can someone confirm this is being looked at?,radio silence support since opened ticket someone confirm looked,cross_issue_vs_representative,0.6220877170562744,0.5858,True
1468,2026-03-10T00:00:00,10,no_response_from_support | refund_not_processed | ticket_reopened_repeatedly,update keep reopening same ticket s never really fixed someone confirm looked,update keep reopening same ticket s never really fixed someone confirm looked,ticket_reopened_repeatedly,2428,1,2896,2026-03-18T00:00:00,ticket_reopened_repeatedly,True,Update: My ticket keeps getting closed before the issue is actually resolved.,update ticket keeps getting closed before issue actually resolved,same_issue_as_representative,0.6404621601104736,0.5858,True
1468,2026-03-10T00:00:00,10,no_response_from_support | refund_not_processed | ticket_reopened_repeatedly,update keep reopening same ticket s never really fixed someone confirm looked,update keep reopening same ticket s never really fixed someone confirm looked,ticket_reopened_repeatedly,2428,1,2792,2026-04-22T00:00:00,ticket_reopened_repeatedly,True,Just ran into this once more: I have to keep reopening the same ticket because it's never really fixed. This is affecting my daily work.,just ran once more keep reopening same ticket s never really fixed affecting daily work,same_issue_as_representative,0.7855631709098816,0.5858,True
1468,2026-03-10T00:00:00,10,no_response_from_support | refund_not_processed | ticket_reopened_repeatedly,update keep reopening same ticket s never really fixed someone confirm looked,update keep reopening same ticket s never really fixed someone confirm looked,ticket_reopened_repeatedly,2428,1,2703,2026-04-29T00:00:00,refund_not_processed,True,Update: I cancelled weeks ago and still haven't received my refund. Can someone confirm this is being looked at?,update cancelled weeks ago still haven t received refund someone confirm looked,cross_issue_vs_representative,0.6446825861930847,0.5858,True
1468,2026-03-10T00:00:00,10,no_response_from_support | refund_not_processed | ticket_reopened_repeatedly,update keep reopening same ticket s never really fixed someone confirm looked,update keep reopening same ticket s never really fixed someone confirm looked,ticket_reopened_repeatedly,2428,1,2428,2026-05-03T00:00:00,ticket_reopened_repeatedly,False,Update: I have to keep reopening the same ticket because it's never really fixed. Can someone confirm this is being looked at?,update keep reopening same ticket s never really fixed someone confirm looked,same_issue_as_representative,0.9909393787384033,0.5858,True
1468,2026-03-10T00:00:00,10,no_response_from_support | refund_not_processed | ticket_reopened_repeatedly,update keep reopening same ticket s never really fixed someone confirm looked,update keep reopening same ticket s never really fixed someone confirm looked,ticket_reopened_repeatedly,2428,1,2571,2026-05-04T00:00:00,ticket_reopened_repeatedly,True,I have to keep reopening the same ticket because it's never really fixed. This is affecting my daily work.,keep reopening same ticket s never really fixed affecting daily work,same_issue_as_representative,0.8482276797294617,0.5858,True
1468,2026-03-10T00:00:00,10,no_response_from_support | refund_not_processed | ticket_reopened_repeatedly,update keep reopening same ticket s never really fixed someone confirm looked,update keep reopening same ticket s never really fixed someone confirm looked,ticket_reopened_repeatedly,2428,1,2574,2026-05-09T00:00:00,ticket_reopened_repeatedly,True,I have to keep reopening the same ticket because it's never really fixed. Please look into this soon.,keep reopening same ticket s never really fixed look soon,same_issue_as_representative,0.9406651258468628,0.5858,True
1468,2026-03-10T00:00:00,10,no_response_from_support | refund_not_processed | ticket_reopened_repeatedly,update keep reopening same ticket s never really fixed someone confirm looked,update keep reopening same ticket s never really fixed someone confirm looked,ticket_reopened_repeatedly,2428,1,2815,2026-05-10T00:00:00,ticket_reopened_repeatedly,True,Reporting this again: My ticket keeps getting closed before the issue is actually resolved. This is affecting my daily work.,reporting again ticket keeps getting closed before issue actually resolved affecting daily work,same_issue_as_representative,0.6139405965805054,0.5858,True
1468,2026-03-10T00:00:00,10,no_response_from_support | refund_not_processed | ticket_reopened_repeatedly,update keep reopening same ticket s never really fixed someone confirm looked,update keep reopening same ticket s never really fixed someone confirm looked,ticket_reopened_repeatedly,2428,1,2817,2026-05-30T00:00:00,ticket_reopened_repeatedly,True,"My ticket keeps getting closed before the issue is actually resolved. Happening consistently, not a one-off.",ticket keeps getting closed before issue actually resolved happening consistently not one off,same_issue_as_representative,0.6052423119544983,0.5858,True
1473,2026-03-08T00:00:00,5,cannot_cancel_subscription | card_declined_incorrectly,come up again card keeps getting declined even though sufficient funds someone confirm looked,come up again card keeps getting declined even though sufficient funds someone confirm looked,card_declined_incorrectly,2435,1,2505,2026-03-08T00:00:00,card_declined_incorrectly,True,My card keeps getting declined even though there are sufficient funds.,card keeps getting declined even though sufficient funds,same_issue_as_representative,0.8312798738479614,0.5858,True
1473,2026-03-08T00:00:00,5,cannot_cancel_subscription | card_declined_incorrectly,come up again card keeps getting declined even though sufficient funds someone confirm looked,come up again card keeps getting declined even though sufficient funds someone confirm looked,card_declined_incorrectly,2435,1,2526,2026-03-23T00:00:00,card_declined_incorrectly,True,My card keeps getting declined even though there are sufficient funds.,card keeps getting declined even though sufficient funds,same_issue_as_representative,0.8312798738479614,0.5858,True
1473,2026-03-08T00:00:00,5,cannot_cancel_subscription | card_declined_incorrectly,come up again card keeps getting declined even though sufficient funds someone confirm looked,come up again card keeps getting declined even though sufficient funds someone confirm looked,card_declined_incorrectly,2435,1,2578,2026-04-06T00:00:00,cannot_cancel_subscription,True,This has come up again. The cancel button on the billing page does nothing when clicked. Can someone confirm this is being looked at?,come up again cancel button billing page nothing when clicked someone confirm looked,cross_issue_vs_representative,0.6028028726577759,0.5858,True
1473,2026-03-08T00:00:00,5,cannot_cancel_subscription | card_declined_incorrectly,come up again card keeps getting declined even though sufficient funds someone confirm looked,come up again card keeps getting declined even though sufficient funds someone confirm looked,card_declined_incorrectly,2435,1,2435,2026-05-09T00:00:00,card_declined_incorrectly,False,This has come up again. My card keeps getting declined even though there are sufficient funds. Can someone confirm this is being looked at?,come up again card keeps getting declined even though sufficient funds someone confirm looked,same_issue_as_representative,0.9911461472511292,0.5858,True
1473,2026-03-08T00:00:00,5,cannot_cancel_subscription | card_declined_incorrectly,come up again card keeps getting declined even though sufficient funds someone confirm looked,come up again card keeps getting declined even though sufficient funds someone confirm looked,card_declined_incorrectly,2435,1,2637,2026-05-21T00:00:00,card_declined_incorrectly,True,Following up on this: My card keeps getting declined even though there are sufficient funds.,following up card keeps getting declined even though sufficient funds,same_issue_as_representative,0.873954176902771,0.5858,True
1477,2026-03-25T00:00:00,3,app_crashes_on_open | update_broke_feature,update application crashes immediately every time open happening consistently not one off,update application crashes immediately every time open happening consistently not one off,app_crashes_on_open,2440,1,2440,2026-03-25T00:00:00,app_crashes_on_open,False,"Update: The application crashes immediately every time I open it. Happening consistently, not a one-off.",update application crashes immediately every time open happening consistently not one off,same_issue_as_representative,0.9903236627578735,0.5858,True
1477,2026-03-25T00:00:00,3,app_crashes_on_open | update_broke_feature,update application crashes immediately every time open happening consistently not one off,update application crashes immediately every time open happening consistently not one off,app_crashes_on_open,2440,1,2511,2026-04-17T00:00:00,app_crashes_on_open,True,"The moment I open the app it force-closes. Happening consistently, not a one-off.",moment open app force closes happening consistently not one off,same_issue_as_representative,0.7481708526611328,0.5858,True
1477,2026-03-25T00:00:00,3,app_crashes_on_open | update_broke_feature,update application crashes immediately every time open happening consistently not one off,update application crashes immediately every time open happening consistently not one off,app_crashes_on_open,2440,1,2484,2026-05-12T00:00:00,update_broke_feature,True,"This has come up again. After updating the app, a core feature stopped working entirely. Happening consistently, not a one-off.",come up again after updating app core feature stopped working entirely happening consistently not one off,cross_issue_vs_representative,0.6834800243377686,0.5858,True
1481,2026-03-05T00:00:00,7,permissions_not_saving | sync_not_updating,come up again permission changes make team members don t save happening consistently not one off,come up again permission changes make team members don t save happening consistently not one off,permissions_not_saving,2447,1,2665,2026-03-05T00:00:00,permissions_not_saving,True,"Just ran into this once more: Role permissions keep resetting to default after I configure them. Happening consistently, not a one-off.",just ran once more role permissions keep resetting default after configure them happening consistently not one off,same_issue_as_representative,0.6710349321365356,0.5858,True
1481,2026-03-05T00:00:00,7,permissions_not_saving | sync_not_updating,come up again permission changes make team members don t save happening consistently not one off,come up again permission changes make team members don t save happening consistently not one off,permissions_not_saving,2447,1,2447,2026-03-26T00:00:00,permissions_not_saving,False,"This has come up again. Permission changes I make for team members don't save. Happening consistently, not a one-off.",come up again permission changes make team members don t save happening consistently not one off,same_issue_as_representative,0.9899324178695679,0.5858,True
1481,2026-03-05T00:00:00,7,permissions_not_saving | sync_not_updating,come up again permission changes make team members don t save happening consistently not one off,come up again permission changes make team members don t save happening consistently not one off,permissions_not_saving,2447,1,2483,2026-03-30T00:00:00,permissions_not_saving,True,"Update: Permission changes I make for team members don't save. Happening consistently, not a one-off.",update permission changes make team members don t save happening consistently not one off,same_issue_as_representative,0.9896650910377502,0.5858,True
1481,2026-03-05T00:00:00,7,permissions_not_saving | sync_not_updating,come up again permission changes make team members don t save happening consistently not one off,come up again permission changes make team members don t save happening consistently not one off,permissions_not_saving,2447,1,2486,2026-04-20T00:00:00,permissions_not_saving,True,Permission changes I make for team members don't save. Can someone confirm this is being looked at?,permission changes make team members don t save someone confirm looked,same_issue_as_representative,0.704660952091217,0.5858,True
1481,2026-03-05T00:00:00,7,permissions_not_saving | sync_not_updating,come up again permission changes make team members don t save happening consistently not one off,come up again permission changes make team members don t save happening consistently not one off,permissions_not_saving,2447,1,2547,2026-04-22T00:00:00,sync_not_updating,True,"This has come up again. Changes I make aren't syncing across devices. Happening consistently, not a one-off.",come up again changes make aren t syncing across devices happening consistently not one off,cross_issue_vs_representative,0.7242245674133301,0.5858,True
1481,2026-03-05T00:00:00,7,permissions_not_saving | sync_not_updating,come up again permission changes make team members don t save happening consistently not one off,come up again permission changes make team members don t save happening consistently not one off,permissions_not_saving,2447,1,2856,2026-04-23T00:00:00,sync_not_updating,True,"Changes I make aren't syncing across devices. Happening consistently, not a one-off.",changes make aren t syncing across devices happening consistently not one off,cross_issue_vs_representative,0.7021753191947937,0.5858,True
1481,2026-03-05T00:00:00,7,permissions_not_saving | sync_not_updating,come up again permission changes make team members don t save happening consistently not one off,come up again permission changes make team members don t save happening consistently not one off,permissions_not_saving,2447,1,2720,2026-05-04T00:00:00,permissions_not_saving,True,This has come up again. Permission changes I make for team members don't save.,come up again permission changes make team members don t save,same_issue_as_representative,0.7638665437698364,0.5858,True
1482,2026-03-05T00:00:00,7,card_declined_incorrectly | login_otp_not_received,update signing fails every time sms code doesn t arrive happening consistently not one off,update signing fails every time sms code doesn t arrive happening consistently not one off,login_otp_not_received,2449,1,2693,2026-03-05T00:00:00,login_otp_not_received,True,Signing in fails every time because the SMS code doesn't arrive.,signing fails every time sms code doesn t arrive,same_issue_as_representative,0.715390682220459,0.5858,True
1482,2026-03-05T00:00:00,7,card_declined_incorrectly | login_otp_not_received,update signing fails every time sms code doesn t arrive happening consistently not one off,update signing fails every time sms code doesn t arrive happening consistently not one off,login_otp_not_received,2449,1,2449,2026-03-09T00:00:00,login_otp_not_received,False,"Update: Signing in fails every time because the SMS code doesn't arrive. Happening consistently, not a one-off.",update signing fails every time sms code doesn t arrive happening consistently not one off,same_issue_as_representative,0.9904544949531555,0.5858,True
1482,2026-03-05T00:00:00,7,card_declined_incorrectly | login_otp_not_received,update signing fails every time sms code doesn t arrive happening consistently not one off,update signing fails every time sms code doesn t arrive happening consistently not one off,login_otp_not_received,2449,1,2579,2026-03-21T00:00:00,login_otp_not_received,True,"Signing in fails every time because the SMS code doesn't arrive. Happening consistently, not a one-off.",signing fails every time sms code doesn t arrive happening consistently not one off,same_issue_as_representative,0.8544319868087769,0.5858,True
1482,2026-03-05T00:00:00,7,card_declined_incorrectly | login_otp_not_received,update signing fails every time sms code doesn t arrive happening consistently not one off,update signing fails every time sms code doesn t arrive happening consistently not one off,login_otp_not_received,2449,1,2630,2026-04-04T00:00:00,login_otp_not_received,True,"Update: The verification code never arrived on my phone, so I can't sign in. Happening consistently, not a one-off.",update verification code never arrived phone so t sign happening consistently not one off,same_issue_as_representative,0.8118582963943481,0.5858,True
1482,2026-03-05T00:00:00,7,card_declined_incorrectly | login_otp_not_received,update signing fails every time sms code doesn t arrive happening consistently not one off,update signing fails every time sms code doesn t arrive happening consistently not one off,login_otp_not_received,2449,1,2735,2026-04-27T00:00:00,login_otp_not_received,True,Following up on this: Signing in fails every time because the SMS code doesn't arrive.,following up signing fails every time sms code doesn t arrive,same_issue_as_representative,0.7306768298149109,0.5858,True
1482,2026-03-05T00:00:00,7,card_declined_incorrectly | login_otp_not_received,update signing fails every time sms code doesn t arrive happening consistently not one off,update signing fails every time sms code doesn t arrive happening consistently not one off,login_otp_not_received,2449,1,2586,2026-05-09T00:00:00,login_otp_not_received,True,"The verification code never arrived on my phone, so I can't sign in. Happening consistently, not a one-off.",verification code never arrived phone so t sign happening consistently not one off,same_issue_as_representative,0.6872040033340454,0.5858,True
1482,2026-03-05T00:00:00,7,card_declined_incorrectly | login_otp_not_received,update signing fails every time sms code doesn t arrive happening consistently not one off,update signing fails every time sms code doesn t arrive happening consistently not one off,login_otp_not_received,2449,1,2565,2026-05-27T00:00:00,card_declined_incorrectly,True,"Update: Payment fails at checkout despite the card working everywhere else. Happening consistently, not a one-off.",update payment fails checkout despite card working everywhere else happening consistently not one off,cross_issue_vs_representative,0.771917462348938,0.5858,True
1492,2026-03-29T00:00:00,5,connection_drops_frequently | dashboard_extremely_slow,following up keep getting disconnected reload page constantly affecting daily work,following up keep getting disconnected reload page constantly affecting daily work,connection_drops_frequently,2463,1,2739,2026-03-29T00:00:00,connection_drops_frequently,True,This has come up again. I keep getting disconnected and have to reload the page constantly.,come up again keep getting disconnected reload page constantly,same_issue_as_representative,0.8945579528808594,0.5858,True
1492,2026-03-29T00:00:00,5,connection_drops_frequently | dashboard_extremely_slow,following up keep getting disconnected reload page constantly affecting daily work,following up keep getting disconnected reload page constantly affecting daily work,connection_drops_frequently,2463,1,2463,2026-04-13T00:00:00,connection_drops_frequently,False,Following up on this: I keep getting disconnected and have to reload the page constantly. This is affecting my daily work.,following up keep getting disconnected reload page constantly affecting daily work,same_issue_as_representative,0.9903125762939453,0.5858,True
1492,2026-03-29T00:00:00,5,connection_drops_frequently | dashboard_extremely_slow,following up keep getting disconnected reload page constantly affecting daily work,following up keep getting disconnected reload page constantly affecting daily work,connection_drops_frequently,2463,1,2643,2026-05-14T00:00:00,connection_drops_frequently,True,Reporting this again: I keep getting disconnected and have to reload the page constantly.,reporting again keep getting disconnected reload page constantly,same_issue_as_representative,0.8744969964027405,0.5858,True
1492,2026-03-29T00:00:00,5,connection_drops_frequently | dashboard_extremely_slow,following up keep getting disconnected reload page constantly affecting daily work,following up keep getting disconnected reload page constantly affecting daily work,connection_drops_frequently,2463,1,2760,2026-05-16T00:00:00,dashboard_extremely_slow,True,Reporting this again: Loading times have gotten unbearable over the last few weeks. This is affecting my daily work.,reporting again loading times gotten unbearable last weeks affecting daily work,cross_issue_vs_representative,0.602756917476654,0.5858,True
1492,2026-03-29T00:00:00,5,connection_drops_frequently | dashboard_extremely_slow,following up keep getting disconnected reload page constantly affecting daily work,following up keep getting disconnected reload page constantly affecting daily work,connection_drops_frequently,2463,1,2729,2026-05-27T00:00:00,dashboard_extremely_slow,True,"Following up on this: Everything is painfully slow, loading a single page takes forever. This is affecting my daily work.",following up everything painfully slow loading single page takes forever affecting daily work,cross_issue_vs_representative,0.7682405710220337,0.5858,True
1493,2026-03-01T00:00:00,5,escalation_ignored | no_response_from_support,still happening asked escalate issue nothing happened since happening consistently not one off,still happening asked escalate issue nothing happened since happening consistently not one off,escalation_ignored,2466,1,2614,2026-03-01T00:00:00,no_response_from_support,True,Still happening - No one has responded to my request for help yet. This is affecting my daily work.,still happening no one responded request help yet affecting daily work,cross_issue_vs_representative,0.5963912606239319,0.5858,True
1493,2026-03-01T00:00:00,5,escalation_ignored | no_response_from_support,still happening asked escalate issue nothing happened since happening consistently not one off,still happening asked escalate issue nothing happened since happening consistently not one off,escalation_ignored,2466,1,2883,2026-03-13T00:00:00,escalation_ignored,True,Update: I asked to escalate this issue and nothing has happened since.,update asked escalate issue nothing happened since,same_issue_as_representative,0.7004322409629822,0.5858,True
1493,2026-03-01T00:00:00,5,escalation_ignored | no_response_from_support,still happening asked escalate issue nothing happened since happening consistently not one off,still happening asked escalate issue nothing happened since happening consistently not one off,escalation_ignored,2466,1,2466,2026-04-08T00:00:00,escalation_ignored,False,"Still happening - I asked to escalate this issue and nothing has happened since. Happening consistently, not a one-off.",still happening asked escalate issue nothing happened since happening consistently not one off,same_issue_as_representative,0.9901768565177917,0.5858,True
1493,2026-03-01T00:00:00,5,escalation_ignored | no_response_from_support,still happening asked escalate issue nothing happened since happening consistently not one off,still happening asked escalate issue nothing happened since happening consistently not one off,escalation_ignored,2466,1,2778,2026-04-17T00:00:00,escalation_ignored,True,Following up on this: I asked to escalate this issue and nothing has happened since.,following up asked escalate issue nothing happened since,same_issue_as_representative,0.7475360631942749,0.5858,True
1493,2026-03-01T00:00:00,5,escalation_ignored | no_response_from_support,still happening asked escalate issue nothing happened since happening consistently not one off,still happening asked escalate issue nothing happened since happening consistently not one off,escalation_ignored,2466,1,2651,2026-05-01T00:00:00,escalation_ignored,True,This has come up again. I asked to escalate this issue and nothing has happened since. This is affecting my daily work.,come up again asked escalate issue nothing happened since affecting daily work,same_issue_as_representative,0.7170765995979309,0.5858,True
1510,2026-03-20T00:00:00,5,cant_change_email | password_reset_broken,following up changing login email fails generic error every time happening consistently not one off,following up changing login email fails generic error every time happening consistently not one off,cant_change_email,2512,1,2512,2026-03-20T00:00:00,cant_change_email,False,"Following up on this: Changing my login email fails with a generic error every time. Happening consistently, not a one-off.",following up changing login email fails generic error every time happening consistently not one off,same_issue_as_representative,0.9902206659317017,0.5858,True
1510,2026-03-20T00:00:00,5,cant_change_email | password_reset_broken,following up changing login email fails generic error every time happening consistently not one off,following up changing login email fails generic error every time happening consistently not one off,cant_change_email,2512,1,2868,2026-04-13T00:00:00,cant_change_email,True,Changing my login email fails with a generic error every time. This is affecting my daily work.,changing login email fails generic error every time affecting daily work,same_issue_as_representative,0.7592629790306091,0.5858,True
1510,2026-03-20T00:00:00,5,cant_change_email | password_reset_broken,following up changing login email fails generic error every time happening consistently not one off,following up changing login email fails generic error every time happening consistently not one off,cant_change_email,2512,1,2904,2026-04-19T00:00:00,cant_change_email,True,Reporting this again: Changing my login email fails with a generic error every time.,reporting again changing login email fails generic error every time,same_issue_as_representative,0.772676408290863,0.5858,True
1510,2026-03-20T00:00:00,5,cant_change_email | password_reset_broken,following up changing login email fails generic error every time happening consistently not one off,following up changing login email fails generic error every time happening consistently not one off,cant_change_email,2512,1,2825,2026-04-23T00:00:00,cant_change_email,True,Changing my login email fails with a generic error every time.,changing login email fails generic error every time,same_issue_as_representative,0.7496578097343445,0.5858,True
1510,2026-03-20T00:00:00,5,cant_change_email | password_reset_broken,following up changing login email fails generic error every time happening consistently not one off,following up changing login email fails generic error every time happening consistently not one off,cant_change_email,2512,1,2556,2026-04-24T00:00:00,password_reset_broken,True,Following up on this: Reset password flow throws a 404 as soon as I click the emailed link.,following up reset password flow throws 404 as soon as click emailed link,cross_issue_vs_representative,0.5984660983085632,0.5858,True
1519,2026-03-08T00:00:00,5,notifications_not_sent | update_broke_feature,come up again push notifications just stopped working week ago,come up again push notifications just stopped working week ago,notifications_not_sent,2529,1,2570,2026-03-08T00:00:00,update_broke_feature,True,"This has come up again. After updating the app, a core feature stopped working entirely.",come up again after updating app core feature stopped working entirely,cross_issue_vs_representative,0.6781738996505737,0.5858,True
1519,2026-03-08T00:00:00,5,notifications_not_sent | update_broke_feature,come up again push notifications just stopped working week ago,come up again push notifications just stopped working week ago,notifications_not_sent,2529,1,2867,2026-03-16T00:00:00,notifications_not_sent,True,"Still happening - Push notifications just stopped working a week ago. Happening consistently, not a one-off.",still happening push notifications just stopped working week ago happening consistently not one off,same_issue_as_representative,0.6712645888328552,0.5858,True
1519,2026-03-08T00:00:00,5,notifications_not_sent | update_broke_feature,come up again push notifications just stopped working week ago,come up again push notifications just stopped working week ago,notifications_not_sent,2529,1,2607,2026-04-19T00:00:00,notifications_not_sent,True,Push notifications just stopped working a week ago.,push notifications just stopped working week ago,same_issue_as_representative,0.9433590173721313,0.5858,True
1519,2026-03-08T00:00:00,5,notifications_not_sent | update_broke_feature,come up again push notifications just stopped working week ago,come up again push notifications just stopped working week ago,notifications_not_sent,2529,1,2811,2026-05-16T00:00:00,notifications_not_sent,True,"Update: Push notifications just stopped working a week ago. Happening consistently, not a one-off.",update push notifications just stopped working week ago happening consistently not one off,same_issue_as_representative,0.7661254405975342,0.5858,True
1519,2026-03-08T00:00:00,5,notifications_not_sent | update_broke_feature,come up again push notifications just stopped working week ago,come up again push notifications just stopped working week ago,notifications_not_sent,2529,1,2529,2026-05-27T00:00:00,notifications_not_sent,False,This has come up again. Push notifications just stopped working a week ago.,come up again push notifications just stopped working week ago,same_issue_as_representative,0.9912512898445129,0.5858,True
1525,2026-03-28T00:00:00,3,connection_drops_frequently | dashboard_extremely_slow,keep getting disconnected reload page constantly happening consistently not one off,keep getting disconnected reload page constantly happening consistently not one off,connection_drops_frequently,2551,1,2650,2026-03-28T00:00:00,dashboard_extremely_slow,True,"Just ran into this once more: Everything is painfully slow, loading a single page takes forever. Happening consistently, not a one-off.",just ran once more everything painfully slow loading single page takes forever happening consistently not one off,cross_issue_vs_representative,0.7537752389907837,0.5858,True
1525,2026-03-28T00:00:00,3,connection_drops_frequently | dashboard_extremely_slow,keep getting disconnected reload page constantly happening consistently not one off,keep getting disconnected reload page constantly happening consistently not one off,connection_drops_frequently,2551,1,2551,2026-05-29T00:00:00,connection_drops_frequently,False,"I keep getting disconnected and have to reload the page constantly. Happening consistently, not a one-off.",keep getting disconnected reload page constantly happening consistently not one off,same_issue_as_representative,0.9912019968032837,0.5858,True
1525,2026-03-28T00:00:00,3,connection_drops_frequently | dashboard_extremely_slow,keep getting disconnected reload page constantly happening consistently not one off,keep getting disconnected reload page constantly happening consistently not one off,connection_drops_frequently,2551,1,2628,2026-05-29T00:00:00,connection_drops_frequently,True,"Still happening - Network connection drops randomly during active use. Happening consistently, not a one-off.",still happening network connection drops randomly during active use happening consistently not one off,same_issue_as_representative,0.6520203351974487,0.5858,True
