pair_id,source,pair_type,text_a,text_b,issue_id_a,issue_id_b,department_a,department_b,true_label,label,clean_text_a,clean_text_b,stsb_cleaned_score
1,synthetic,easy_negative,The analytics dashboard is showing numbers that don't match reality. This is affecting my daily work.,Still happening - Got flagged as suspicious and locked out for no real reason.,analytics_data_wrong,account_locked_incorrectly,Platform,Authentication,not_duplicate,0,analytics dashboard showing numbers don t match reality affecting daily work,still happening got flagged as suspicious locked out no real reason,0.0864499881863594
2,synthetic,positive,"Following up on this: Changing my login email fails with a generic error every time. Happening consistently, not a one-off.",Update: I can't update the email address linked to my account. This is affecting my daily work.,cant_change_email,cant_change_email,Authentication,Authentication,duplicate,1,following up changing login email fails generic error every time happening consistently not one off,update t update email address linked account affecting daily work,0.29501432180404663
3,synthetic,hard_negative,Following up on this: Something in the newest release broke a workflow I rely on daily. This is affecting my daily work.,Following up on this: Data updated on desktop doesn't show up on mobile until much later. This is affecting my daily work.,update_broke_feature,sync_not_updating,Engineering,Engineering,not_duplicate,0,following up something newest release broke workflow rely daily affecting daily work,following up data updated desktop doesn t show up mobile until later affecting daily work,0.44863730669021606
4,synthetic,hard_negative,"MFA enrollment keeps timing out before I can finish setup. Happening consistently, not a one-off.",Just ran into this once more: Session keeps dying even while I'm actively typing.,mfa_setup_fails,session_logs_out_randomly,Authentication,Authentication,not_duplicate,0,mfa enrollment keeps timing out before finish setup happening consistently not one off,just ran once more session keeps dying even m actively typing,0.18175560235977173
5,synthetic,positive,Still happening - Requested a manager review three times with no follow-up at all. This is affecting my daily work.,Following up on this: I asked to escalate this issue and nothing has happened since.,escalation_ignored,escalation_ignored,Customer Success,Customer Success,duplicate,1,still happening requested manager review three times no follow up affecting daily work,following up asked escalate issue nothing happened since,0.33432620763778687
6,synthetic,positive,"No alerts are sent when a ticket status changes, I have to check manually.",Just ran into this once more: Notification alerts for updates have completely stopped coming through.,notifications_not_sent,notifications_not_sent,Platform,Platform,duplicate,1,no alerts sent when ticket status changes check manually,just ran once more notification alerts updates completely stopped coming,0.2795288562774658
7,synthetic,positive,Just ran into this once more: Search returns no results even for terms I know exist in my tickets.,Still happening - Search returns no results even for terms I know exist in my tickets. Can someone confirm this is being looked at?,search_returns_nothing,search_returns_nothing,Engineering,Engineering,duplicate,1,just ran once more search returns no results even terms know exist tickets,still happening search returns no results even terms know exist tickets someone confirm looked,0.7100042700767517
8,synthetic,easy_negative,"Still happening - Invoice PDF is incomplete, some line items are blank. Can someone confirm this is being looked at?",Following up on this: API responses started returning malformed data out of nowhere. Can someone confirm this is being looked at?,invoice_missing_details,api_integration_broken,Payments,Platform,not_duplicate,0,still happening invoice pdf incomplete line items blank someone confirm looked,following up api responses started returning malformed data out nowhere someone confirm looked,0.348940908908844
9,synthetic,hard_negative,Following up on this: The agent closed my ticket without actually fixing anything.,Update: My ticket keeps getting closed before the issue is actually resolved.,agent_unhelpful,ticket_reopened_repeatedly,Customer Success,Customer Success,not_duplicate,0,following up agent closed ticket without actually fixing anything,update ticket keeps getting closed before issue actually resolved,0.6739506721496582
10,synthetic,positive,Just ran into this once more: Got a copy-pasted response that had nothing to do with my actual question.,This has come up again. The support agent I spoke to didn't actually solve my problem. This is affecting my daily work.,agent_unhelpful,agent_unhelpful,Customer Success,Customer Success,duplicate,1,just ran once more got copy pasted response nothing actual question,come up again support agent spoke didn t actually solve problem affecting daily work,0.0835493803024292
11,synthetic,easy_negative,"Random logouts are happening throughout the day, very disruptive. Please look into this soon.",Still happening - Tax ID isn't showing up anywhere on the downloaded invoice. Please look into this soon.,session_logs_out_randomly,invoice_missing_details,Authentication,Payments,not_duplicate,0,random logouts happening throughout day disruptive look soon,still happening tax id isn t showing up anywhere downloaded invoice look soon,0.11980382353067398
12,synthetic,hard_negative,Session keeps dying even while I'm actively typing. This is affecting my daily work.,Following up on this: Account lockout triggered incorrectly and support hasn't unlocked it yet.,session_logs_out_randomly,account_locked_incorrectly,Authentication,Authentication,not_duplicate,0,session keeps dying even m actively typing affecting daily work,following up account lockout triggered incorrectly support hasn t unlocked yet,0.05140097439289093
13,synthetic,hard_negative,"Following up on this: It crashes on startup on my device, happens every single time. Can someone confirm this is being looked at?",Data updated on desktop doesn't show up on mobile until much later. Please look into this soon.,app_crashes_on_open,sync_not_updating,Engineering,Engineering,not_duplicate,0,following up crashes startup device happens every single time someone confirm looked,data updated desktop doesn t show up mobile until later look soon,0.09378644078969955
14,synthetic,positive,"No alerts are sent when a ticket status changes, I have to check manually.","Still happening - Push notifications just stopped working a week ago. Happening consistently, not a one-off.",notifications_not_sent,notifications_not_sent,Platform,Platform,duplicate,1,no alerts sent when ticket status changes check manually,still happening push notifications just stopped working week ago happening consistently not one off,0.17587223649024963
15,synthetic,positive,The moment I open the app it force-closes.,Still happening - The moment I open the app it force-closes.,app_crashes_on_open,app_crashes_on_open,Engineering,Engineering,duplicate,1,moment open app force closes,still happening moment open app force closes,0.8986572623252869
16,synthetic,easy_negative,"Just ran into this once more: Cross-device sync just isn't happening anymore. Happening consistently, not a one-off.",The refund was approved but the money never came back to my account.,sync_not_updating,refund_not_processed,Engineering,Payments,not_duplicate,0,just ran once more cross device sync just isn t happening anymore happening consistently not one off,refund approved money never came back account,0.007697179913520813
17,synthetic,hard_negative,"Still happening - Exporting reports to CSV fails every time I try. Happening consistently, not a one-off.",Following up on this: API calls are returning errors that weren't happening before.,export_fails,api_integration_broken,Platform,Platform,not_duplicate,0,still happening exporting reports csv fails every time try happening consistently not one off,following up api calls returning errors weren t happening before,0.20217633247375488
18,synthetic,easy_negative,Reporting this again: The agent closed my ticket without actually fixing anything. This is affecting my daily work.,This has come up again. CSV export has been broken for me the past few days.,agent_unhelpful,export_fails,Customer Success,Platform,not_duplicate,0,reporting again agent closed ticket without actually fixing anything affecting daily work,come up again csv export broken past days,0.1683894693851471
19,synthetic,hard_negative,Still happening - No one has responded to my request for help yet. This is affecting my daily work.,Following up on this: I asked to escalate this issue and nothing has happened since.,no_response_from_support,escalation_ignored,Customer Success,Customer Success,not_duplicate,0,still happening no one responded request help yet affecting daily work,following up asked escalate issue nothing happened since,0.37579017877578735
20,synthetic,positive,Following up on this: I tried to move to a higher tier and the transaction errors out. Can someone confirm this is being looked at?,This has come up again. Upgrading my plan keeps failing at the payment step.,subscription_upgrade_failed,subscription_upgrade_failed,Payments,Payments,duplicate,1,following up tried move higher tier transaction errors out someone confirm looked,come up again upgrading plan keeps failing payment step,0.17891471087932587
21,synthetic,positive,This has come up again. I submitted a support ticket three days ago and haven't heard back. This is affecting my daily work.,I'm still waiting on any response from the support team.,no_response_from_support,no_response_from_support,Customer Success,Customer Success,duplicate,1,come up again submitted support ticket three days ago haven t heard back affecting daily work,m still waiting response support team,0.2213262915611267
22,synthetic,positive,Following up on this: Analytics figures seem to be miscalculated compared to raw data. Please look into this soon.,Following up on this: The analytics dashboard is showing numbers that don't match reality.,analytics_data_wrong,analytics_data_wrong,Platform,Platform,duplicate,1,following up analytics figures seem miscalculated compared raw data look soon,following up analytics dashboard showing numbers don t match reality,0.6470795273780823
23,synthetic,hard_negative,"I submitted a support ticket three days ago and haven't heard back. Happening consistently, not a one-off.",Still happening - Live chat support shows as available but no one ever responds.,no_response_from_support,live_chat_unavailable,Customer Success,Customer Success,not_duplicate,0,submitted support ticket three days ago haven t heard back happening consistently not one off,still happening live chat support shows as available no one ever responds,0.21490339934825897
24,synthetic,hard_negative,Reporting this again: I keep getting disconnected and have to reload the page constantly.,"Performance has gotten really bad, pages hang for a long time before loading.",connection_drops_frequently,dashboard_extremely_slow,Engineering,Engineering,not_duplicate,0,reporting again keep getting disconnected reload page constantly,performance gotten really bad pages hang long time before loading,0.27625763416290283
25,synthetic,positive,My session expires every few minutes even though I'm active. Please look into this soon.,Just ran into this once more: I keep getting logged out randomly in the middle of work.,session_logs_out_randomly,session_logs_out_randomly,Authentication,Authentication,duplicate,1,session expires every minutes even though m active look soon,just ran once more keep getting logged out randomly middle work,0.05000385269522667
26,synthetic,hard_negative,Update: I cancelled weeks ago and still haven't received my refund.,Update: There's a duplicate charge on my statement for this plan.,refund_not_processed,double_charged,Payments,Payments,not_duplicate,0,update cancelled weeks ago still haven t received refund,update s duplicate charge statement plan,0.05341604724526405
27,synthetic,easy_negative,"OTP delivery is broken, I've waited 20 minutes and nothing came through. Please look into this soon.",Still happening - File attachments fail to upload no matter the file size. This is affecting my daily work.,login_otp_not_received,attachments_fail_to_upload,Authentication,Engineering,not_duplicate,0,otp delivery broken ve waited 20 minutes nothing came look soon,still happening file attachments fail upload no matter file size affecting daily work,0.02108103409409523
28,synthetic,positive,Still happening - Network connection drops randomly during active use. Can someone confirm this is being looked at?,Reporting this again: Network connection drops randomly during active use.,connection_drops_frequently,connection_drops_frequently,Engineering,Engineering,duplicate,1,still happening network connection drops randomly during active use someone confirm looked,reporting again network connection drops randomly during active use,0.8712683916091919
29,synthetic,hard_negative,"This has come up again. After updating the app, a core feature stopped working entirely. Happening consistently, not a one-off.",Just ran into this once more: The connection keeps dropping while I'm using the app. Please look into this soon.,update_broke_feature,connection_drops_frequently,Engineering,Engineering,not_duplicate,0,come up again after updating app core feature stopped working entirely happening consistently not one off,just ran once more connection keeps dropping m using app look soon,0.39355307817459106
30,synthetic,hard_negative,Update: The invoice doesn't show a proper tax breakdown for accounting purposes.,My card keeps getting declined even though there are sufficient funds.,invoice_missing_details,card_declined_incorrectly,Payments,Payments,not_duplicate,0,update invoice doesn t show proper tax breakdown accounting purposes,card keeps getting declined even though sufficient funds,0.0411733016371727
31,synthetic,positive,I set a teammate's access level but it reverts back on its own.,This has come up again. Permission changes I make for team members don't save.,permissions_not_saving,permissions_not_saving,Platform,Platform,duplicate,1,set teammate s access level reverts back own,come up again permission changes make team members don t save,0.09168027341365814
32,synthetic,positive,"This has come up again. I never received the OTP when trying to log in. Happening consistently, not a one-off.","The verification code never arrived on my phone, so I can't sign in.",login_otp_not_received,login_otp_not_received,Authentication,Authentication,duplicate,1,come up again never received otp when trying log happening consistently not one off,verification code never arrived phone so t sign,0.18308377265930176
33,synthetic,positive,"The dashboard takes over a minute to load basic data. Happening consistently, not a one-off.","Loading times have gotten unbearable over the last few weeks. Happening consistently, not a one-off.",dashboard_extremely_slow,dashboard_extremely_slow,Engineering,Engineering,duplicate,1,dashboard takes minute load basic data happening consistently not one off,loading times gotten unbearable last weeks happening consistently not one off,0.5319243669509888
34,synthetic,hard_negative,Reporting this again: I submitted a support ticket three days ago and haven't heard back.,Support marks the ticket as resolved but the problem is still there.,no_response_from_support,ticket_reopened_repeatedly,Customer Success,Customer Success,not_duplicate,0,reporting again submitted support ticket three days ago haven t heard back,support marks ticket as resolved problem still,0.406643271446228
35,synthetic,positive,I was charged twice for the same subscription this month. Please look into this soon.,Billing deducted the amount twice in the same billing cycle. This is affecting my daily work.,double_charged,double_charged,Payments,Payments,duplicate,1,charged twice same subscription month look soon,billing deducted amount twice same billing cycle affecting daily work,0.17373529076576233
36,synthetic,easy_negative,Sync between the web app and mobile app is broken.,Reporting this again: Support marks the ticket as resolved but the problem is still there.,sync_not_updating,ticket_reopened_repeatedly,Engineering,Customer Success,not_duplicate,0,sync between web app mobile app broken,reporting again support marks ticket as resolved problem still,0.03178160637617111
37,synthetic,hard_negative,Two-factor login is stuck because the code never shows up. Please look into this soon.,My session expires every few minutes even though I'm active. This is affecting my daily work.,login_otp_not_received,session_logs_out_randomly,Authentication,Authentication,not_duplicate,0,two factor login stuck code never shows up look soon,session expires every minutes even though m active affecting daily work,0.029074350371956825
38,synthetic,hard_negative,Reporting this again: Sync between the web app and mobile app is broken.,"Loading times have gotten unbearable over the last few weeks. Happening consistently, not a one-off.",sync_not_updating,dashboard_extremely_slow,Engineering,Engineering,not_duplicate,0,reporting again sync between web app mobile app broken,loading times gotten unbearable last weeks happening consistently not one off,0.021605657413601875
39,synthetic,hard_negative,Export just spins indefinitely and never produces a file.,Reporting this again: API calls are returning errors that weren't happening before. This is affecting my daily work.,export_fails,api_integration_broken,Platform,Platform,not_duplicate,0,export just spins indefinitely never produces file,reporting again api calls returning errors weren t happening before affecting daily work,0.020592907443642616
40,synthetic,positive,"Still happening - Two-factor login is stuck because the code never shows up. Happening consistently, not a one-off.",Two-factor login is stuck because the code never shows up. Please look into this soon.,login_otp_not_received,login_otp_not_received,Authentication,Authentication,duplicate,1,still happening two factor login stuck code never shows up happening consistently not one off,two factor login stuck code never shows up look soon,0.7605255842208862
41,synthetic,hard_negative,"Still happening - Invoice PDF is incomplete, some line items are blank. Can someone confirm this is being looked at?",Refund request was accepted but nothing has actually been credited.,invoice_missing_details,refund_not_processed,Payments,Payments,not_duplicate,0,still happening invoice pdf incomplete line items blank someone confirm looked,refund request accepted nothing actually credited,0.12918803095817566
42,synthetic,positive,Bulk actions on the tickets list just don't apply to anything selected. Can someone confirm this is being looked at?,Reporting this again: Bulk actions on the tickets list just don't apply to anything selected.,cant_bulk_edit,cant_bulk_edit,Platform,Platform,duplicate,1,bulk actions tickets list just don t apply anything selected someone confirm looked,reporting again bulk actions tickets list just don t apply anything selected,0.8686745762825012
43,synthetic,positive,Update: The search bar just comes back empty no matter what I type. This is affecting my daily work.,Update: Search returns no results even for terms I know exist in my tickets. Please look into this soon.,search_returns_nothing,search_returns_nothing,Engineering,Engineering,duplicate,1,update search bar just comes back empty no matter what type affecting daily work,update search returns no results even terms know exist tickets look soon,0.5180994868278503
44,synthetic,positive,Reporting this again: Requested a manager review three times with no follow-up at all.,This has come up again. I asked to escalate this issue and nothing has happened since. This is affecting my daily work.,escalation_ignored,escalation_ignored,Customer Success,Customer Success,duplicate,1,reporting again requested manager review three times no follow up,come up again asked escalate issue nothing happened since affecting daily work,0.15469372272491455
45,synthetic,easy_negative,Still happening - Changes I make aren't syncing across devices.,Still happening - The support agent I spoke to didn't actually solve my problem.,sync_not_updating,agent_unhelpful,Engineering,Customer Success,not_duplicate,0,still happening changes make aren t syncing across devices,still happening support agent spoke didn t actually solve problem,0.09730389714241028
46,synthetic,hard_negative,"Performance has gotten really bad, pages hang for a long time before loading.","Network connection drops randomly during active use. Happening consistently, not a one-off.",dashboard_extremely_slow,connection_drops_frequently,Engineering,Engineering,not_duplicate,0,performance gotten really bad pages hang long time before loading,network connection drops randomly during active use happening consistently not one off,0.030447129160165787
47,synthetic,hard_negative,Still happening - Got billed two times for a single month of service.,Just ran into this once more: Still waiting on a refund that was promised over two weeks ago.,double_charged,refund_not_processed,Payments,Payments,not_duplicate,0,still happening got billed two times single month service,just ran once more still waiting refund promised two weeks ago,0.22088100016117096
48,synthetic,positive,Just ran into this once more: I clicked forgot password and the reset link is broken. Can someone confirm this is being looked at?,Update: I clicked forgot password and the reset link is broken.,password_reset_broken,password_reset_broken,Authentication,Authentication,duplicate,1,just ran once more clicked forgot password reset link broken someone confirm looked,update clicked forgot password reset link broken,0.7304229140281677
49,synthetic,easy_negative,Following up on this: Setting up two-factor authentication fails at the QR code step. This is affecting my daily work.,Upgrading my plan keeps failing at the payment step.,mfa_setup_fails,subscription_upgrade_failed,Authentication,Payments,not_duplicate,0,following up setting up two factor authentication fails qr code step affecting daily work,upgrading plan keeps failing payment step,0.2233840972185135
50,synthetic,positive,Report totals in the dashboard don't add up correctly. Can someone confirm this is being looked at?,The analytics dashboard is showing numbers that don't match reality. This is affecting my daily work.,analytics_data_wrong,analytics_data_wrong,Platform,Platform,duplicate,1,report totals dashboard don t add up correctly someone confirm looked,analytics dashboard showing numbers don t match reality affecting daily work,0.42297816276550293
51,synthetic,hard_negative,Reporting this again: Got flagged as suspicious and locked out for no real reason. This is affecting my daily work.,I clicked forgot password and the reset link is broken. Please look into this soon.,account_locked_incorrectly,password_reset_broken,Authentication,Authentication,not_duplicate,0,reporting again got flagged as suspicious locked out no real reason affecting daily work,clicked forgot password reset link broken look soon,0.2284378707408905
52,synthetic,positive,Still happening - Generated invoices are missing the company billing address. Can someone confirm this is being looked at?,Update: The invoice doesn't show a proper tax breakdown for accounting purposes. This is affecting my daily work.,invoice_missing_details,invoice_missing_details,Payments,Payments,duplicate,1,still happening generated invoices missing company billing address someone confirm looked,update invoice doesn t show proper tax breakdown accounting purposes affecting daily work,0.24539975821971893
53,synthetic,positive,Still happening - Live chat support shows as available but no one ever responds.,Still happening - The chat widget just sits there with no agent picking it up. Please look into this soon.,live_chat_unavailable,live_chat_unavailable,Customer Success,Customer Success,duplicate,1,still happening live chat support shows as available no one ever responds,still happening chat widget just sits no agent picking up look soon,0.581657886505127
54,synthetic,positive,File attachments fail to upload no matter the file size. Can someone confirm this is being looked at?,Uploading a screenshot to a ticket just hangs and never finishes.,attachments_fail_to_upload,attachments_fail_to_upload,Engineering,Engineering,duplicate,1,file attachments fail upload no matter file size someone confirm looked,uploading screenshot ticket just hangs never finishes,0.17264874279499054
55,synthetic,hard_negative,This has come up again. I asked to escalate this issue and nothing has happened since. This is affecting my daily work.,"Reporting this again: My ticket keeps getting closed before the issue is actually resolved. Happening consistently, not a one-off.",escalation_ignored,ticket_reopened_repeatedly,Customer Success,Customer Success,not_duplicate,0,come up again asked escalate issue nothing happened since affecting daily work,reporting again ticket keeps getting closed before issue actually resolved happening consistently not one off,0.22783958911895752
56,synthetic,positive,Live chat support shows as available but no one ever responds.,Live chat support shows as available but no one ever responds.,live_chat_unavailable,live_chat_unavailable,Customer Success,Customer Success,duplicate,1,live chat support shows as available no one ever responds,live chat support shows as available no one ever responds,0.9898462891578674
57,synthetic,positive,Just ran into this once more: The authenticator app won't pair no matter how many times I scan the code. This is affecting my daily work.,"Update: Setting up two-factor authentication fails at the QR code step. Happening consistently, not a one-off.",mfa_setup_fails,mfa_setup_fails,Authentication,Authentication,duplicate,1,just ran once more authenticator app won t pair no matter how times scan code affecting daily work,update setting up two factor authentication fails qr code step happening consistently not one off,0.20752330124378204
58,synthetic,hard_negative,"Following up on this: Account lockout triggered incorrectly and support hasn't unlocked it yet. Happening consistently, not a one-off.",This has come up again. Setting up two-factor authentication fails at the QR code step. This is affecting my daily work.,account_locked_incorrectly,mfa_setup_fails,Authentication,Authentication,not_duplicate,0,following up account lockout triggered incorrectly support hasn t unlocked yet happening consistently not one off,come up again setting up two factor authentication fails qr code step affecting daily work,0.10235770791769028
59,synthetic,positive,This has come up again. The cancel button on the billing page does nothing when clicked. Can someone confirm this is being looked at?,"Still happening - The cancel button on the billing page does nothing when clicked. Happening consistently, not a one-off.",cannot_cancel_subscription,cannot_cancel_subscription,Payments,Payments,duplicate,1,come up again cancel button billing page nothing when clicked someone confirm looked,still happening cancel button billing page nothing when clicked happening consistently not one off,0.6958969831466675
60,synthetic,positive,Update: I cancelled weeks ago and still haven't received my refund. Can someone confirm this is being looked at?,This has come up again. Refund status shows completed but I don't see the amount in my bank. This is affecting my daily work.,refund_not_processed,refund_not_processed,Payments,Payments,duplicate,1,update cancelled weeks ago still haven t received refund someone confirm looked,come up again refund status shows completed don t see amount bank affecting daily work,0.2913281321525574
61,synthetic,positive,Just ran into this once more: Generated invoices are missing the company billing address.,Update: The invoice doesn't show a proper tax breakdown for accounting purposes. This is affecting my daily work.,invoice_missing_details,invoice_missing_details,Payments,Payments,duplicate,1,just ran once more generated invoices missing company billing address,update invoice doesn t show proper tax breakdown accounting purposes affecting daily work,0.3069709837436676
62,synthetic,positive,Still happening - Account lockout triggered incorrectly and support hasn't unlocked it yet. Please look into this soon.,Reporting this again: I was locked out of my account even though I entered the correct password.,account_locked_incorrectly,account_locked_incorrectly,Authentication,Authentication,duplicate,1,still happening account lockout triggered incorrectly support hasn t unlocked yet look soon,reporting again locked out account even though entered correct password,0.43286076188087463
63,synthetic,hard_negative,I have to keep reopening the same ticket because it's never really fixed. This is affecting my daily work.,This has come up again. Support hasn't replied to my message even after multiple follow-ups.,ticket_reopened_repeatedly,no_response_from_support,Customer Success,Customer Success,not_duplicate,0,keep reopening same ticket s never really fixed affecting daily work,come up again support hasn t replied message even after multiple follow ups,0.03599488362669945
64,synthetic,easy_negative,"Following up on this: My account got locked after one failed login attempt, which seems wrong.","Just ran into this once more: App refuses to open, just crashes back to the home screen.",account_locked_incorrectly,app_crashes_on_open,Authentication,Engineering,not_duplicate,0,following up account got locked after one failed login attempt which seems wrong,just ran once more app refuses open just crashes back home screen,0.08653824031352997
65,synthetic,hard_negative,"Update: SAML login redirects back with an invalid token message. Happening consistently, not a one-off.",Reporting this again: Session keeps dying even while I'm actively typing.,sso_login_fails,session_logs_out_randomly,Authentication,Authentication,not_duplicate,0,update saml login redirects back invalid token message happening consistently not one off,reporting again session keeps dying even m actively typing,0.1476234644651413
66,synthetic,positive,My card keeps getting declined even though there are sufficient funds.,This has come up again. Payment fails at checkout despite the card working everywhere else.,card_declined_incorrectly,card_declined_incorrectly,Payments,Payments,duplicate,1,card keeps getting declined even though sufficient funds,come up again payment fails checkout despite card working everywhere else,0.3667289614677429
67,synthetic,positive,"Update: Payment fails at checkout despite the card working everywhere else. Happening consistently, not a one-off.",Following up on this: My card keeps getting declined even though there are sufficient funds.,card_declined_incorrectly,card_declined_incorrectly,Payments,Payments,duplicate,1,update payment fails checkout despite card working everywhere else happening consistently not one off,following up card keeps getting declined even though sufficient funds,0.4690083861351013
68,synthetic,easy_negative,This has come up again. Tax ID isn't showing up anywhere on the downloaded invoice.,"Update: There's no way to bulk update multiple tickets at once, only one at a time.",invoice_missing_details,cant_bulk_edit,Payments,Platform,not_duplicate,0,come up again tax id isn t showing up anywhere downloaded invoice,update s no way bulk update multiple tickets once only one time,0.05229785293340683
69,synthetic,positive,"Following up on this: The app signs me out on its own, forcing me to log back in constantly.",Just ran into this once more: Session keeps dying even while I'm actively typing.,session_logs_out_randomly,session_logs_out_randomly,Authentication,Authentication,duplicate,1,following up app signs out own forcing log back constantly,just ran once more session keeps dying even m actively typing,0.08445830643177032
70,synthetic,positive,Reporting this again: Exporting reports to CSV fails every time I try.,"Following up on this: The export button doesn't do anything, no file gets downloaded. Please look into this soon.",export_fails,export_fails,Platform,Platform,duplicate,1,reporting again exporting reports csv fails every time try,following up export button doesn t anything no file gets downloaded look soon,0.20485487580299377
71,synthetic,positive,The moment I open the app it force-closes.,"App refuses to open, just crashes back to the home screen. This is affecting my daily work.",app_crashes_on_open,app_crashes_on_open,Engineering,Engineering,duplicate,1,moment open app force closes,app refuses open just crashes back home screen affecting daily work,0.3533272445201874
72,synthetic,hard_negative,Just ran into this once more: I tried to move to a higher tier and the transaction errors out. Can someone confirm this is being looked at?,This has come up again. Still waiting on a refund that was promised over two weeks ago.,subscription_upgrade_failed,refund_not_processed,Payments,Payments,not_duplicate,0,just ran once more tried move higher tier transaction errors out someone confirm looked,come up again still waiting refund promised two weeks ago,0.0392698310315609
73,synthetic,hard_negative,"Just ran into this once more: Role permissions keep resetting to default after I configure them. Happening consistently, not a one-off.",Update: Our API integration stopped working after the last platform update. Please look into this soon.,permissions_not_saving,api_integration_broken,Platform,Platform,not_duplicate,0,just ran once more role permissions keep resetting default after configure them happening consistently not one off,update api integration stopped working after last platform update look soon,0.21227172017097473
74,synthetic,easy_negative,"Just ran into this once more: I'm not getting notified when a new ticket is assigned to me. Happening consistently, not a one-off.","MFA enrollment keeps timing out before I can finish setup. Happening consistently, not a one-off.",notifications_not_sent,mfa_setup_fails,Platform,Authentication,not_duplicate,0,just ran once more m not getting notified when new ticket assigned happening consistently not one off,mfa enrollment keeps timing out before finish setup happening consistently not one off,0.6182686686515808
75,synthetic,hard_negative,Still happening - Cross-device sync just isn't happening anymore. Please look into this soon.,This has come up again. I keep getting disconnected and have to reload the page constantly.,sync_not_updating,connection_drops_frequently,Engineering,Engineering,not_duplicate,0,still happening cross device sync just isn t happening anymore look soon,come up again keep getting disconnected reload page constantly,0.08870433270931244
76,synthetic,hard_negative,Update: Our API integration stopped working after the last platform update.,Role permissions keep resetting to default after I configure them.,api_integration_broken,permissions_not_saving,Platform,Platform,not_duplicate,0,update api integration stopped working after last platform update,role permissions keep resetting default after configure them,0.09270604699850082
77,synthetic,positive,Role permissions keep resetting to default after I configure them.,"Reporting this again: I set a teammate's access level but it reverts back on its own. Happening consistently, not a one-off.",permissions_not_saving,permissions_not_saving,Platform,Platform,duplicate,1,role permissions keep resetting default after configure them,reporting again set teammate s access level reverts back own happening consistently not one off,0.26271671056747437
78,synthetic,positive,Reporting this again: I was locked out of my account even though I entered the correct password.,Following up on this: Account lockout triggered incorrectly and support hasn't unlocked it yet.,account_locked_incorrectly,account_locked_incorrectly,Authentication,Authentication,duplicate,1,reporting again locked out account even though entered correct password,following up account lockout triggered incorrectly support hasn t unlocked yet,0.7361098527908325
79,synthetic,positive,Following up on this: My account wallet balance is showing an incorrect amount. Can someone confirm this is being looked at?,Reporting this again: Wallet shows less credit than what was added last week. Can someone confirm this is being looked at?,wallet_balance_incorrect,wallet_balance_incorrect,Payments,Payments,duplicate,1,following up account wallet balance showing incorrect amount someone confirm looked,reporting again wallet shows less credit than what added last week someone confirm looked,0.7263255715370178
80,synthetic,positive,Records updated by a teammate don't reflect on my screen without a manual refresh. Please look into this soon.,Following up on this: Sync between the web app and mobile app is broken. Can someone confirm this is being looked at?,sync_not_updating,sync_not_updating,Engineering,Engineering,duplicate,1,records updated teammate don t reflect screen without manual refresh look soon,following up sync between web app mobile app broken someone confirm looked,0.24158628284931183
81,synthetic,hard_negative,Just ran into this once more: Exporting reports to CSV fails every time I try.,Following up on this: Our API integration stopped working after the last platform update.,export_fails,api_integration_broken,Platform,Platform,not_duplicate,0,just ran once more exporting reports csv fails every time try,following up api integration stopped working after last platform update,0.07493240386247635
82,synthetic,positive,Still happening - No OTP text message has come through after multiple retries.,Following up on this: Signing in fails every time because the SMS code doesn't arrive.,login_otp_not_received,login_otp_not_received,Authentication,Authentication,duplicate,1,still happening no otp text message come after multiple retries,following up signing fails every time sms code doesn t arrive,0.191854789853096
83,synthetic,easy_negative,"Following up on this: The app signs me out on its own, forcing me to log back in constantly.",There's no way to actually cancel my subscription from the settings page.,session_logs_out_randomly,cannot_cancel_subscription,Authentication,Payments,not_duplicate,0,following up app signs out own forcing log back constantly,s no way actually cancel subscription settings page,0.05338698998093605
84,synthetic,easy_negative,Just ran into this once more: Generated invoices are missing the company billing address.,Following up on this: The analytics dashboard is showing numbers that don't match reality.,invoice_missing_details,analytics_data_wrong,Payments,Platform,not_duplicate,0,just ran once more generated invoices missing company billing address,following up analytics dashboard showing numbers don t match reality,0.07313454151153564
85,synthetic,positive,Refund request was accepted but nothing has actually been credited.,"Update: Refund request was accepted but nothing has actually been credited. Happening consistently, not a one-off.",refund_not_processed,refund_not_processed,Payments,Payments,duplicate,1,refund request accepted nothing actually credited,update refund request accepted nothing actually credited happening consistently not one off,0.7542312145233154
86,synthetic,positive,"My account got locked after one failed login attempt, which seems wrong.",Just ran into this once more: I was locked out of my account even though I entered the correct password.,account_locked_incorrectly,account_locked_incorrectly,Authentication,Authentication,duplicate,1,account got locked after one failed login attempt which seems wrong,just ran once more locked out account even though entered correct password,0.4400969445705414
87,synthetic,positive,Update: I have to keep reopening the same ticket because it's never really fixed. Can someone confirm this is being looked at?,"My ticket keeps getting closed before the issue is actually resolved. Happening consistently, not a one-off.",ticket_reopened_repeatedly,ticket_reopened_repeatedly,Customer Success,Customer Success,duplicate,1,update keep reopening same ticket s never really fixed someone confirm looked,ticket keeps getting closed before issue actually resolved happening consistently not one off,0.6186099052429199
88,synthetic,positive,Just ran into this once more: Got a copy-pasted response that had nothing to do with my actual question.,Reporting this again: The agent closed my ticket without actually fixing anything. This is affecting my daily work.,agent_unhelpful,agent_unhelpful,Customer Success,Customer Success,duplicate,1,just ran once more got copy pasted response nothing actual question,reporting again agent closed ticket without actually fixing anything affecting daily work,0.249099463224411
89,synthetic,positive,This has come up again. MFA enrollment keeps timing out before I can finish setup.,The authenticator app won't pair no matter how many times I scan the code.,mfa_setup_fails,mfa_setup_fails,Authentication,Authentication,duplicate,1,come up again mfa enrollment keeps timing out before finish setup,authenticator app won t pair no matter how times scan code,0.04608754813671112
90,synthetic,easy_negative,This has come up again. I keep getting logged out randomly in the middle of work.,Reporting this again: Chat support just gave generic answers that didn't address my issue. Can someone confirm this is being looked at?,session_logs_out_randomly,agent_unhelpful,Authentication,Customer Success,not_duplicate,0,come up again keep getting logged out randomly middle work,reporting again chat support just gave generic answers didn t address issue someone confirm looked,0.0899370014667511
91,synthetic,easy_negative,Data updated on desktop doesn't show up on mobile until much later.,"Invoice PDF is incomplete, some line items are blank.",sync_not_updating,invoice_missing_details,Engineering,Payments,not_duplicate,0,data updated desktop doesn t show up mobile until later,invoice pdf incomplete line items blank,0.009420301765203476
92,synthetic,positive,"The dashboard takes over a minute to load basic data. Happening consistently, not a one-off.","Dashboard is lagging badly, barely usable during peak hours.",dashboard_extremely_slow,dashboard_extremely_slow,Engineering,Engineering,duplicate,1,dashboard takes minute load basic data happening consistently not one off,dashboard lagging badly barely usable during peak hours,0.2516436278820038
93,synthetic,positive,"Performance has gotten really bad, pages hang for a long time before loading.","Update: Everything is painfully slow, loading a single page takes forever. Please look into this soon.",dashboard_extremely_slow,dashboard_extremely_slow,Engineering,Engineering,duplicate,1,performance gotten really bad pages hang long time before loading,update everything painfully slow loading single page takes forever look soon,0.36188507080078125
94,synthetic,positive,Still happening - The connection keeps dropping while I'm using the app.,The connection keeps dropping while I'm using the app.,connection_drops_frequently,connection_drops_frequently,Engineering,Engineering,duplicate,1,still happening connection keeps dropping m using app,connection keeps dropping m using app,0.9728286266326904
95,synthetic,positive,There's no way to actually cancel my subscription from the settings page.,Reporting this again: There's no way to actually cancel my subscription from the settings page. Please look into this soon.,cannot_cancel_subscription,cannot_cancel_subscription,Payments,Payments,duplicate,1,s no way actually cancel subscription settings page,reporting again s no way actually cancel subscription settings page look soon,0.8580225110054016
96,synthetic,easy_negative,Reporting this again: API calls are returning errors that weren't happening before. This is affecting my daily work.,Still happening - Two-factor login is stuck because the code never shows up. Can someone confirm this is being looked at?,api_integration_broken,login_otp_not_received,Platform,Authentication,not_duplicate,0,reporting again api calls returning errors weren t happening before affecting daily work,still happening two factor login stuck code never shows up someone confirm looked,0.11571245640516281
97,synthetic,easy_negative,Still happening - The connection keeps dropping while I'm using the app.,Update: The invoice doesn't show a proper tax breakdown for accounting purposes.,connection_drops_frequently,invoice_missing_details,Engineering,Payments,not_duplicate,0,still happening connection keeps dropping m using app,update invoice doesn t show proper tax breakdown accounting purposes,0.013760375790297985
98,synthetic,positive,Update: Records updated by a teammate don't reflect on my screen without a manual refresh. This is affecting my daily work.,"Just ran into this once more: Changes I make aren't syncing across devices. Happening consistently, not a one-off.",sync_not_updating,sync_not_updating,Engineering,Engineering,duplicate,1,update records updated teammate don t reflect screen without manual refresh affecting daily work,just ran once more changes make aren t syncing across devices happening consistently not one off,0.15154443681240082
99,synthetic,positive,"Following up on this: Changing my login email fails with a generic error every time. Happening consistently, not a one-off.",Reporting this again: I can't update the email address linked to my account. Please look into this soon.,cant_change_email,cant_change_email,Authentication,Authentication,duplicate,1,following up changing login email fails generic error every time happening consistently not one off,reporting again t update email address linked account look soon,0.27101829648017883
100,synthetic,easy_negative,"The password reset link in the email doesn't work, it just shows an error page.","This has come up again. I cancelled weeks ago and still haven't received my refund. Happening consistently, not a one-off.",password_reset_broken,refund_not_processed,Authentication,Payments,not_duplicate,0,password reset link email doesn t work just shows error page,come up again cancelled weeks ago still haven t received refund happening consistently not one off,0.01586051657795906
101,synthetic,hard_negative,"The moment I open the app it force-closes. Happening consistently, not a one-off.","This has come up again. Dashboard is lagging badly, barely usable during peak hours. This is affecting my daily work.",app_crashes_on_open,dashboard_extremely_slow,Engineering,Engineering,not_duplicate,0,moment open app force closes happening consistently not one off,come up again dashboard lagging badly barely usable during peak hours affecting daily work,0.020182102918624878
102,synthetic,easy_negative,My card shows two separate charges for one invoice.,Following up on this: The analytics dashboard is showing numbers that don't match reality.,double_charged,analytics_data_wrong,Payments,Platform,not_duplicate,0,card shows two separate charges one invoice,following up analytics dashboard showing numbers don t match reality,0.013684610836207867
103,synthetic,hard_negative,Still happening - Trying to log in via our identity provider throws a token error.,No OTP text message has come through after multiple retries.,sso_login_fails,login_otp_not_received,Authentication,Authentication,not_duplicate,0,still happening trying log via identity provider throws token error,no otp text message come after multiple retries,0.07560378313064575
104,synthetic,positive,Just ran into this once more: Radio silence from support since I opened this ticket.,This has come up again. Radio silence from support since I opened this ticket.,no_response_from_support,no_response_from_support,Customer Success,Customer Success,duplicate,1,just ran once more radio silence support since opened ticket,come up again radio silence support since opened ticket,0.9766594171524048
105,synthetic,hard_negative,I'm still waiting on any response from the support team. Can someone confirm this is being looked at?,Still happening - Requested a manager review three times with no follow-up at all. This is affecting my daily work.,no_response_from_support,escalation_ignored,Customer Success,Customer Success,not_duplicate,0,m still waiting response support team someone confirm looked,still happening requested manager review three times no follow up affecting daily work,0.22493942081928253
106,synthetic,positive,Reporting this again: Exporting reports to CSV fails every time I try.,Just ran into this once more: CSV export has been broken for me the past few days.,export_fails,export_fails,Platform,Platform,duplicate,1,reporting again exporting reports csv fails every time try,just ran once more csv export broken past days,0.6335476636886597
107,synthetic,positive,Reporting this again: Trying to export data throws an error and nothing downloads. Can someone confirm this is being looked at?,"This has come up again. The export button doesn't do anything, no file gets downloaded.",export_fails,export_fails,Platform,Platform,duplicate,1,reporting again trying export data throws error nothing downloads someone confirm looked,come up again export button doesn t anything no file gets downloaded,0.7531774640083313
108,synthetic,hard_negative,Just ran into this once more: There's a duplicate charge on my statement for this plan. Can someone confirm this is being looked at?,"Update: Refund request was accepted but nothing has actually been credited. Happening consistently, not a one-off.",double_charged,refund_not_processed,Payments,Payments,not_duplicate,0,just ran once more s duplicate charge statement plan someone confirm looked,update refund request accepted nothing actually credited happening consistently not one off,0.08753181993961334
109,synthetic,positive,This has come up again. SAML login redirects back with an invalid token message.,Still happening - Trying to log in via our identity provider throws a token error.,sso_login_fails,sso_login_fails,Authentication,Authentication,duplicate,1,come up again saml login redirects back invalid token message,still happening trying log via identity provider throws token error,0.5146876573562622
110,synthetic,positive,This has come up again. Plan upgrade charged my card but didn't actually upgrade the account. This is affecting my daily work.,Upgrade button just spins forever and never completes.,subscription_upgrade_failed,subscription_upgrade_failed,Payments,Payments,duplicate,1,come up again plan upgrade charged card didn t actually upgrade account affecting daily work,upgrade button just spins forever never completes,0.15508203208446503
111,synthetic,hard_negative,Update: Cross-device sync just isn't happening anymore. Can someone confirm this is being looked at?,"Reporting this again: This version introduced a bug that wasn't there before the update. Happening consistently, not a one-off.",sync_not_updating,update_broke_feature,Engineering,Engineering,not_duplicate,0,update cross device sync just isn t happening anymore someone confirm looked,reporting again version introduced bug wasn t before update happening consistently not one off,0.28819897770881653
112,synthetic,hard_negative,"No OTP text message has come through after multiple retries. Happening consistently, not a one-off.",My session expires every few minutes even though I'm active. This is affecting my daily work.,login_otp_not_received,session_logs_out_randomly,Authentication,Authentication,not_duplicate,0,no otp text message come after multiple retries happening consistently not one off,session expires every minutes even though m active affecting daily work,0.20205003023147583
113,synthetic,hard_negative,"Reporting this again: There's no way to bulk update multiple tickets at once, only one at a time.","Reporting this again: I set a teammate's access level but it reverts back on its own. Happening consistently, not a one-off.",cant_bulk_edit,permissions_not_saving,Platform,Platform,not_duplicate,0,reporting again s no way bulk update multiple tickets once only one time,reporting again set teammate s access level reverts back own happening consistently not one off,0.2500443756580353
114,synthetic,positive,Just ran into this once more: Got a copy-pasted response that had nothing to do with my actual question.,Update: Chat support just gave generic answers that didn't address my issue.,agent_unhelpful,agent_unhelpful,Customer Success,Customer Success,duplicate,1,just ran once more got copy pasted response nothing actual question,update chat support just gave generic answers didn t address issue,0.27024203538894653
115,synthetic,hard_negative,Update: Refund status shows completed but I don't see the amount in my bank.,Update: Generated invoices are missing the company billing address. Can someone confirm this is being looked at?,refund_not_processed,invoice_missing_details,Payments,Payments,not_duplicate,0,update refund status shows completed don t see amount bank,update generated invoices missing company billing address someone confirm looked,0.1768844574689865
116,synthetic,positive,The application crashes immediately every time I open it.,"Following up on this: It crashes on startup on my device, happens every single time. Can someone confirm this is being looked at?",app_crashes_on_open,app_crashes_on_open,Engineering,Engineering,duplicate,1,application crashes immediately every time open,following up crashes startup device happens every single time someone confirm looked,0.4815652072429657
117,synthetic,hard_negative,Radio silence from support since I opened this ticket. Can someone confirm this is being looked at?,Reporting this again: Support marks the ticket as resolved but the problem is still there.,no_response_from_support,ticket_reopened_repeatedly,Customer Success,Customer Success,not_duplicate,0,radio silence support since opened ticket someone confirm looked,reporting again support marks ticket as resolved problem still,0.2899644076824188
118,synthetic,positive,Just ran into this once more: Uploading a screenshot to a ticket just hangs and never finishes. Can someone confirm this is being looked at?,Uploading a screenshot to a ticket just hangs and never finishes.,attachments_fail_to_upload,attachments_fail_to_upload,Engineering,Engineering,duplicate,1,just ran once more uploading screenshot ticket just hangs never finishes someone confirm looked,uploading screenshot ticket just hangs never finishes,0.8103834390640259
119,synthetic,positive,"Reporting this again: There's no way to bulk update multiple tickets at once, only one at a time.",Reporting this again: Bulk actions on the tickets list just don't apply to anything selected.,cant_bulk_edit,cant_bulk_edit,Platform,Platform,duplicate,1,reporting again s no way bulk update multiple tickets once only one time,reporting again bulk actions tickets list just don t apply anything selected,0.595293402671814
120,synthetic,positive,I was charged twice for the same subscription this month. Please look into this soon.,I was charged twice for the same subscription this month. Please look into this soon.,double_charged,double_charged,Payments,Payments,duplicate,1,charged twice same subscription month look soon,charged twice same subscription month look soon,0.9912147521972656
121,synthetic,positive,Following up on this: Uploading a screenshot to a ticket just hangs and never finishes.,Uploading a screenshot to a ticket just hangs and never finishes.,attachments_fail_to_upload,attachments_fail_to_upload,Engineering,Engineering,duplicate,1,following up uploading screenshot ticket just hangs never finishes,uploading screenshot ticket just hangs never finishes,0.9784788489341736
122,synthetic,hard_negative,Still happening - The connection keeps dropping while I'm using the app.,"Data updated on desktop doesn't show up on mobile until much later. Happening consistently, not a one-off.",connection_drops_frequently,sync_not_updating,Engineering,Engineering,not_duplicate,0,still happening connection keeps dropping m using app,data updated desktop doesn t show up mobile until later happening consistently not one off,0.2646627426147461
123,synthetic,hard_negative,"Still happening - I asked to escalate this issue and nothing has happened since. Happening consistently, not a one-off.","Chat support just gave generic answers that didn't address my issue. Happening consistently, not a one-off.",escalation_ignored,agent_unhelpful,Customer Success,Customer Success,not_duplicate,0,still happening asked escalate issue nothing happened since happening consistently not one off,chat support just gave generic answers didn t address issue happening consistently not one off,0.5623437166213989
124,synthetic,positive,Reporting this again: I'm still waiting on any response from the support team. Can someone confirm this is being looked at?,This has come up again. Support hasn't replied to my message even after multiple follow-ups.,no_response_from_support,no_response_from_support,Customer Success,Customer Success,duplicate,1,reporting again m still waiting response support team someone confirm looked,come up again support hasn t replied message even after multiple follow ups,0.3800952434539795
125,synthetic,positive,Support marks the ticket as resolved but the problem is still there.,I have to keep reopening the same ticket because it's never really fixed. This is affecting my daily work.,ticket_reopened_repeatedly,ticket_reopened_repeatedly,Customer Success,Customer Success,duplicate,1,support marks ticket as resolved problem still,keep reopening same ticket s never really fixed affecting daily work,0.4302360415458679
126,synthetic,positive,Just ran into this once more: Single sign-on through our company account fails with an authentication error.,SSO login just spins and never completes.,sso_login_fails,sso_login_fails,Authentication,Authentication,duplicate,1,just ran once more single sign company account fails authentication error,sso login just spins never completes,0.29829999804496765
127,synthetic,hard_negative,Following up on this: API calls are returning errors that weren't happening before.,Just ran into this once more: Bulk actions on the tickets list just don't apply to anything selected.,api_integration_broken,cant_bulk_edit,Platform,Platform,not_duplicate,0,following up api calls returning errors weren t happening before,just ran once more bulk actions tickets list just don t apply anything selected,0.036719728261232376
128,synthetic,hard_negative,"This has come up again. The export button doesn't do anything, no file gets downloaded. Can someone confirm this is being looked at?",API calls are returning errors that weren't happening before.,export_fails,api_integration_broken,Platform,Platform,not_duplicate,0,come up again export button doesn t anything no file gets downloaded someone confirm looked,api calls returning errors weren t happening before,0.06478540599346161
129,synthetic,positive,Reporting this again: The chat widget just sits there with no agent picking it up. Can someone confirm this is being looked at?,Just ran into this once more: Live chat support shows as available but no one ever responds.,live_chat_unavailable,live_chat_unavailable,Customer Success,Customer Success,duplicate,1,reporting again chat widget just sits no agent picking up someone confirm looked,just ran once more live chat support shows as available no one ever responds,0.46511542797088623
130,synthetic,easy_negative,"No OTP text message has come through after multiple retries. Happening consistently, not a one-off.",Requested a manager review three times with no follow-up at all.,login_otp_not_received,escalation_ignored,Authentication,Customer Success,not_duplicate,0,no otp text message come after multiple retries happening consistently not one off,requested manager review three times no follow up,0.19366014003753662
131,synthetic,positive,Update: Our API integration stopped working after the last platform update.,Still happening - The webhook integration isn't firing events anymore. Please look into this soon.,api_integration_broken,api_integration_broken,Platform,Platform,duplicate,1,update api integration stopped working after last platform update,still happening webhook integration isn t firing events anymore look soon,0.1939612627029419
132,synthetic,hard_negative,Following up on this: Payment fails at checkout despite the card working everywhere else.,Following up on this: Billing deducted the amount twice in the same billing cycle. This is affecting my daily work.,card_declined_incorrectly,double_charged,Payments,Payments,not_duplicate,0,following up payment fails checkout despite card working everywhere else,following up billing deducted amount twice same billing cycle affecting daily work,0.23060554265975952
133,synthetic,hard_negative,"Update: I clicked forgot password and the reset link is broken. Happening consistently, not a one-off.",Got flagged as suspicious and locked out for no real reason. Please look into this soon.,password_reset_broken,account_locked_incorrectly,Authentication,Authentication,not_duplicate,0,update clicked forgot password reset link broken happening consistently not one off,got flagged as suspicious locked out no real reason look soon,0.13186688721179962
134,synthetic,positive,Reporting this again: My account wallet balance is showing an incorrect amount. Can someone confirm this is being looked at?,Wallet shows less credit than what was added last week. This is affecting my daily work.,wallet_balance_incorrect,wallet_balance_incorrect,Payments,Payments,duplicate,1,reporting again account wallet balance showing incorrect amount someone confirm looked,wallet shows less credit than what added last week affecting daily work,0.2834847569465637
135,synthetic,positive,Following up on this: Requested a manager review three times with no follow-up at all.,Update: I asked to escalate this issue and nothing has happened since.,escalation_ignored,escalation_ignored,Customer Success,Customer Success,duplicate,1,following up requested manager review three times no follow up,update asked escalate issue nothing happened since,0.08017808198928833
136,synthetic,positive,Something in the newest release broke a workflow I rely on daily. This is affecting my daily work.,Something in the newest release broke a workflow I rely on daily.,update_broke_feature,update_broke_feature,Engineering,Engineering,duplicate,1,something newest release broke workflow rely daily affecting daily work,something newest release broke workflow rely daily,0.9873518943786621
137,synthetic,positive,Following up on this: Reset password flow throws a 404 as soon as I click the emailed link.,"Just ran into this once more: Can't reset my password, the link expires instantly. Can someone confirm this is being looked at?",password_reset_broken,password_reset_broken,Authentication,Authentication,duplicate,1,following up reset password flow throws 404 as soon as click emailed link,just ran once more t reset password link expires instantly someone confirm looked,0.5132673382759094
138,synthetic,easy_negative,There's a duplicate charge on my statement for this plan.,"Just ran into this once more: App refuses to open, just crashes back to the home screen.",double_charged,app_crashes_on_open,Payments,Engineering,not_duplicate,0,s duplicate charge statement plan,just ran once more app refuses open just crashes back home screen,0.01293472945690155
139,synthetic,easy_negative,I was charged twice for the same subscription this month. Please look into this soon.,Just ran into this once more: Search returns no results even for terms I know exist in my tickets.,double_charged,search_returns_nothing,Payments,Engineering,not_duplicate,0,charged twice same subscription month look soon,just ran once more search returns no results even terms know exist tickets,0.08318937569856644
140,synthetic,hard_negative,"Still happening - Refund status shows completed but I don't see the amount in my bank. Happening consistently, not a one-off.",The credit balance doesn't match what I actually topped up. Please look into this soon.,refund_not_processed,wallet_balance_incorrect,Payments,Payments,not_duplicate,0,still happening refund status shows completed don t see amount bank happening consistently not one off,credit balance doesn t match what actually topped up look soon,0.12142668664455414
141,synthetic,easy_negative,Still happening - The dashboard takes over a minute to load basic data. This is affecting my daily work.,My card shows two separate charges for one invoice. This is affecting my daily work.,dashboard_extremely_slow,double_charged,Engineering,Payments,not_duplicate,0,still happening dashboard takes minute load basic data affecting daily work,card shows two separate charges one invoice affecting daily work,0.19841718673706055
142,synthetic,hard_negative,"Reporting this again: My ticket keeps getting closed before the issue is actually resolved. Happening consistently, not a one-off.",Chat support just gave generic answers that didn't address my issue.,ticket_reopened_repeatedly,agent_unhelpful,Customer Success,Customer Success,not_duplicate,0,reporting again ticket keeps getting closed before issue actually resolved happening consistently not one off,chat support just gave generic answers didn t address issue,0.11303670704364777
143,synthetic,positive,This has come up again. API responses started returning malformed data out of nowhere. Can someone confirm this is being looked at?,API calls are returning errors that weren't happening before.,api_integration_broken,api_integration_broken,Platform,Platform,duplicate,1,come up again api responses started returning malformed data out nowhere someone confirm looked,api calls returning errors weren t happening before,0.440459668636322
144,synthetic,hard_negative,"The verification code never arrived on my phone, so I can't sign in. Happening consistently, not a one-off.","Password reset email arrives but the link leads to a blank screen. Happening consistently, not a one-off.",login_otp_not_received,password_reset_broken,Authentication,Authentication,not_duplicate,0,verification code never arrived phone so t sign happening consistently not one off,password reset email arrives link leads blank screen happening consistently not one off,0.5152950286865234
145,synthetic,easy_negative,I'm still waiting on any response from the support team.,Update: The invoice doesn't show a proper tax breakdown for accounting purposes. This is affecting my daily work.,no_response_from_support,invoice_missing_details,Customer Success,Payments,not_duplicate,0,m still waiting response support team,update invoice doesn t show proper tax breakdown accounting purposes affecting daily work,0.014398175291717052
146,synthetic,positive,Reporting this again: I'm not getting notified when a new ticket is assigned to me. Please look into this soon.,"Still happening - Notification alerts for updates have completely stopped coming through. Happening consistently, not a one-off.",notifications_not_sent,notifications_not_sent,Platform,Platform,duplicate,1,reporting again m not getting notified when new ticket assigned look soon,still happening notification alerts updates completely stopped coming happening consistently not one off,0.19123144447803497
147,synthetic,hard_negative,Export just spins indefinitely and never produces a file. Please look into this soon.,Role permissions keep resetting to default after I configure them.,export_fails,permissions_not_saving,Platform,Platform,not_duplicate,0,export just spins indefinitely never produces file look soon,role permissions keep resetting default after configure them,0.013099400326609612
148,synthetic,hard_negative,This has come up again. The cancel button on the billing page does nothing when clicked. Can someone confirm this is being looked at?,"Still happening - Invoice PDF is incomplete, some line items are blank. Can someone confirm this is being looked at?",cannot_cancel_subscription,invoice_missing_details,Payments,Payments,not_duplicate,0,come up again cancel button billing page nothing when clicked someone confirm looked,still happening invoice pdf incomplete line items blank someone confirm looked,0.4672411382198334
149,synthetic,positive,"Reporting this again: This version introduced a bug that wasn't there before the update. Happening consistently, not a one-off.",This has come up again. The latest update broke a feature that was working fine before. Can someone confirm this is being looked at?,update_broke_feature,update_broke_feature,Engineering,Engineering,duplicate,1,reporting again version introduced bug wasn t before update happening consistently not one off,come up again latest update broke feature working fine before someone confirm looked,0.45187896490097046
150,synthetic,hard_negative,"Reporting this again: I set a teammate's access level but it reverts back on its own. Happening consistently, not a one-off.",Following up on this: API calls are returning errors that weren't happening before.,permissions_not_saving,api_integration_broken,Platform,Platform,not_duplicate,0,reporting again set teammate s access level reverts back own happening consistently not one off,following up api calls returning errors weren t happening before,0.29807770252227783
