case_id,representative_issue_id,cross_issue_complaints,cross_issue_above_threshold,min_score,mean_score,max_score,cross_issue_below_threshold
1459,subscription_upgrade_failed,1,1,0.5963968634605408,0.5963968634605408,0.5963968634605408,0
1464,live_chat_unavailable,1,1,0.5893898606300354,0.5893898606300354,0.5893898606300354,0
1468,ticket_reopened_repeatedly,2,2,0.6220877170562744,0.6333851516246796,0.6446825861930847,0
1473,card_declined_incorrectly,1,1,0.6028028726577759,0.6028028726577759,0.6028028726577759,0
1477,app_crashes_on_open,1,1,0.6834800243377686,0.6834800243377686,0.6834800243377686,0
1481,permissions_not_saving,2,2,0.7021753191947937,0.7131999433040619,0.7242245674133301,0
1482,login_otp_not_received,1,1,0.771917462348938,0.771917462348938,0.771917462348938,0
1492,connection_drops_frequently,2,2,0.602756917476654,0.6854987442493439,0.7682405710220337,0
1493,escalation_ignored,1,1,0.5963912606239319,0.5963912606239319,0.5963912606239319,0
1510,cant_change_email,1,1,0.5984660983085632,0.5984660983085632,0.5984660983085632,0
1519,notifications_not_sent,1,1,0.6781738996505737,0.6781738996505737,0.6781738996505737,0
1525,connection_drops_frequently,1,1,0.7537752389907837,0.7537752389907837,0.7537752389907837,0
