threshold,tp,fp,tn,fn,precision,recall,f1,accuracy
0.007697179913520813,75,75,0,0,0.5,1.0,0.6666666666666666,0.5
0.009420301765203476,75,74,1,0,0.5033557046979866,1.0,0.6696428571428572,0.5066666666666667
0.01293472945690155,75,73,2,0,0.5067567567567568,1.0,0.672645739910314,0.5133333333333333
0.013099400326609612,75,72,3,0,0.5102040816326531,1.0,0.6756756756756758,0.52
0.013684610836207867,75,71,4,0,0.5136986301369864,1.0,0.6787330316742082,0.5266666666666666
0.013760375790297985,75,70,5,0,0.5172413793103449,1.0,0.6818181818181819,0.5333333333333333
0.014398175291717052,75,69,6,0,0.5208333333333334,1.0,0.684931506849315,0.54
0.01586051657795906,75,68,7,0,0.5244755244755245,1.0,0.6880733944954128,0.5466666666666666
0.020182102918624878,75,67,8,0,0.528169014084507,1.0,0.6912442396313364,0.5533333333333333
0.020592907443642616,75,66,9,0,0.5319148936170213,1.0,0.6944444444444444,0.56
0.02108103409409523,75,65,10,0,0.5357142857142857,1.0,0.6976744186046512,0.5666666666666667
0.021605657413601875,75,64,11,0,0.539568345323741,1.0,0.7009345794392523,0.5733333333333334
0.029074350371956825,75,63,12,0,0.5434782608695652,1.0,0.704225352112676,0.58
0.030447129160165787,75,62,13,0,0.5474452554744526,1.0,0.7075471698113208,0.5866666666666667
0.03178160637617111,75,61,14,0,0.5514705882352942,1.0,0.7109004739336493,0.5933333333333334
0.03599488362669945,75,60,15,0,0.5555555555555556,1.0,0.7142857142857143,0.6
0.036719728261232376,75,59,16,0,0.5597014925373134,1.0,0.7177033492822966,0.6066666666666667
0.0392698310315609,75,58,17,0,0.5639097744360902,1.0,0.7211538461538463,0.6133333333333333
0.0411733016371727,75,57,18,0,0.5681818181818182,1.0,0.7246376811594203,0.62
0.04608754813671112,75,56,19,0,0.5725190839694656,1.0,0.7281553398058253,0.6266666666666667
0.05000385269522667,74,56,19,1,0.5692307692307692,0.9866666666666667,0.7219512195121951,0.62
0.05140097439289093,73,56,19,2,0.5658914728682171,0.9733333333333334,0.7156862745098039,0.6133333333333333
0.05229785293340683,73,55,20,2,0.5703125,0.9733333333333334,0.7192118226600985,0.62
0.05338698998093605,73,54,21,2,0.5748031496062992,0.9733333333333334,0.7227722772277227,0.6266666666666667
0.05341604724526405,73,53,22,2,0.5793650793650794,0.9733333333333334,0.7263681592039802,0.6333333333333333
0.06478540599346161,73,52,23,2,0.584,0.9733333333333334,0.73,0.64
0.07313454151153564,73,51,24,2,0.5887096774193549,0.9733333333333334,0.7336683417085429,0.6466666666666666
0.07493240386247635,73,50,25,2,0.5934959349593496,0.9733333333333334,0.7373737373737373,0.6533333333333333
0.07560378313064575,73,49,26,2,0.5983606557377049,0.9733333333333334,0.7411167512690356,0.66
0.08017808198928833,73,48,27,2,0.6033057851239669,0.9733333333333334,0.7448979591836734,0.6666666666666666
0.08318937569856644,72,48,27,3,0.6,0.96,0.7384615384615384,0.66
0.0835493803024292,72,47,28,3,0.6050420168067226,0.96,0.7422680412371133,0.6666666666666666
0.08445830643177032,71,47,28,4,0.6016949152542372,0.9466666666666667,0.7357512953367876,0.66
0.0864499881863594,70,47,28,5,0.5982905982905983,0.9333333333333333,0.7291666666666667,0.6533333333333333
0.08653824031352997,70,46,29,5,0.603448275862069,0.9333333333333333,0.7329842931937173,0.66
0.08753181993961334,70,45,30,5,0.6086956521739131,0.9333333333333333,0.7368421052631579,0.6666666666666666
0.08870433270931244,70,44,31,5,0.6140350877192983,0.9333333333333333,0.7407407407407409,0.6733333333333333
0.0899370014667511,70,43,32,5,0.6194690265486725,0.9333333333333333,0.7446808510638298,0.68
0.09168027341365814,70,42,33,5,0.625,0.9333333333333333,0.7486631016042781,0.6866666666666666
0.09270604699850082,69,42,33,6,0.6216216216216216,0.92,0.7419354838709677,0.68
0.09378644078969955,69,41,34,6,0.6272727272727273,0.92,0.7459459459459461,0.6866666666666666
0.09730389714241028,69,40,35,6,0.6330275229357798,0.92,0.7500000000000001,0.6933333333333334
0.10235770791769028,69,39,36,6,0.6388888888888888,0.92,0.7540983606557377,0.7
0.11303670704364777,69,38,37,6,0.6448598130841121,0.92,0.7582417582417582,0.7066666666666667
0.11571245640516281,69,37,38,6,0.6509433962264151,0.92,0.7624309392265193,0.7133333333333334
0.11980382353067398,69,36,39,6,0.6571428571428571,0.92,0.7666666666666667,0.72
0.12142668664455414,69,35,40,6,0.6634615384615384,0.92,0.7709497206703911,0.7266666666666667
0.12918803095817566,69,34,41,6,0.6699029126213593,0.92,0.7752808988764045,0.7333333333333333
0.13186688721179962,69,33,42,6,0.6764705882352942,0.92,0.7796610169491526,0.74
0.1476234644651413,69,32,43,6,0.6831683168316832,0.92,0.7840909090909092,0.7466666666666667
0.15154443681240082,69,31,44,6,0.69,0.92,0.7885714285714287,0.7533333333333333
0.15469372272491455,68,31,44,7,0.6868686868686869,0.9066666666666666,0.7816091954022988,0.7466666666666667
0.15508203208446503,67,31,44,8,0.6836734693877551,0.8933333333333333,0.7745664739884393,0.74
0.1683894693851471,66,31,44,9,0.6804123711340206,0.88,0.7674418604651163,0.7333333333333333
0.17264874279499054,66,30,45,9,0.6875,0.88,0.7719298245614036,0.74
0.17373529076576233,65,30,45,10,0.6842105263157895,0.8666666666666667,0.7647058823529413,0.7333333333333333
0.17587223649024963,64,30,45,11,0.6808510638297872,0.8533333333333334,0.757396449704142,0.7266666666666667
0.1768844574689865,63,30,45,12,0.6774193548387096,0.84,0.75,0.72
0.17891471087932587,63,29,46,12,0.6847826086956522,0.84,0.7544910179640718,0.7266666666666667
0.18175560235977173,62,29,46,13,0.6813186813186813,0.8266666666666667,0.7469879518072289,0.72
0.18308377265930176,62,28,47,13,0.6888888888888889,0.8266666666666667,0.7515151515151515,0.7266666666666667
0.19123144447803497,61,28,47,14,0.6853932584269663,0.8133333333333334,0.7439024390243902,0.72
0.191854789853096,60,28,47,15,0.6818181818181818,0.8,0.7361963190184048,0.7133333333333334
0.19366014003753662,59,28,47,16,0.6781609195402298,0.7866666666666666,0.728395061728395,0.7066666666666667
0.1939612627029419,59,27,48,16,0.686046511627907,0.7866666666666666,0.732919254658385,0.7133333333333334
0.19841718673706055,58,27,48,17,0.6823529411764706,0.7733333333333333,0.725,0.7066666666666667
0.20205003023147583,58,26,49,17,0.6904761904761905,0.7733333333333333,0.729559748427673,0.7133333333333334
0.20217633247375488,58,25,50,17,0.6987951807228916,0.7733333333333333,0.7341772151898734,0.72
0.20485487580299377,58,24,51,17,0.7073170731707317,0.7733333333333333,0.7388535031847134,0.7266666666666667
0.20752330124378204,57,24,51,18,0.7037037037037037,0.76,0.7307692307692308,0.72
0.21227172017097473,56,24,51,19,0.7,0.7466666666666667,0.7225806451612902,0.7133333333333334
0.21490339934825897,56,23,52,19,0.7088607594936709,0.7466666666666667,0.7272727272727272,0.72
0.22088100016117096,56,22,53,19,0.717948717948718,0.7466666666666667,0.7320261437908497,0.7266666666666667
0.2213262915611267,56,21,54,19,0.7272727272727273,0.7466666666666667,0.7368421052631579,0.7333333333333333
0.2233840972185135,55,21,54,20,0.7236842105263158,0.7333333333333333,0.7284768211920529,0.7266666666666667
0.22493942081928253,55,20,55,20,0.7333333333333333,0.7333333333333333,0.7333333333333333,0.7333333333333333
0.22783958911895752,55,19,56,20,0.7432432432432432,0.7333333333333333,0.738255033557047,0.74
0.2284378707408905,55,18,57,20,0.7534246575342466,0.7333333333333333,0.7432432432432433,0.7466666666666667
0.23060554265975952,55,17,58,20,0.7638888888888888,0.7333333333333333,0.7482993197278911,0.7533333333333333
0.24158628284931183,55,16,59,20,0.7746478873239436,0.7333333333333333,0.7534246575342466,0.76
0.24539975821971893,54,16,59,21,0.7714285714285715,0.72,0.7448275862068965,0.7533333333333333
0.249099463224411,53,16,59,22,0.7681159420289855,0.7066666666666667,0.736111111111111,0.7466666666666667
0.2500443756580353,52,16,59,23,0.7647058823529411,0.6933333333333334,0.7272727272727272,0.74
0.2516436278820038,52,15,60,23,0.7761194029850746,0.6933333333333334,0.7323943661971832,0.7466666666666667
0.26271671056747437,51,15,60,24,0.7727272727272727,0.68,0.7234042553191491,0.74
0.2646627426147461,50,15,60,25,0.7692307692307693,0.6666666666666666,0.7142857142857142,0.7333333333333333
0.27024203538894653,50,14,61,25,0.78125,0.6666666666666666,0.7194244604316546,0.74
0.27101829648017883,49,14,61,26,0.7777777777777778,0.6533333333333333,0.7101449275362319,0.7333333333333333
0.27625763416290283,48,14,61,27,0.7741935483870968,0.64,0.7007299270072993,0.7266666666666667
0.2795288562774658,48,13,62,27,0.7868852459016393,0.64,0.7058823529411764,0.7333333333333333
0.2834847569465637,47,13,62,28,0.7833333333333333,0.6266666666666667,0.6962962962962963,0.7266666666666667
0.28819897770881653,46,13,62,29,0.7796610169491526,0.6133333333333333,0.6865671641791045,0.72
0.2899644076824188,46,12,63,29,0.7931034482758621,0.6133333333333333,0.6917293233082706,0.7266666666666667
0.2913281321525574,46,11,64,29,0.8070175438596491,0.6133333333333333,0.696969696969697,0.7333333333333333
0.29501432180404663,45,11,64,30,0.8035714285714286,0.6,0.6870229007633588,0.7266666666666667
0.29807770252227783,44,11,64,31,0.8,0.5866666666666667,0.676923076923077,0.72
0.29829999804496765,44,10,65,31,0.8148148148148148,0.5866666666666667,0.6821705426356589,0.7266666666666667
0.3069709837436676,43,10,65,32,0.8113207547169812,0.5733333333333334,0.6718750000000001,0.72
0.33432620763778687,42,10,65,33,0.8076923076923077,0.56,0.6614173228346457,0.7133333333333334
0.348940908908844,41,10,65,34,0.803921568627451,0.5466666666666666,0.6507936507936508,0.7066666666666667
0.3533272445201874,41,9,66,34,0.82,0.5466666666666666,0.6559999999999999,0.7133333333333334
0.36188507080078125,40,9,66,35,0.8163265306122449,0.5333333333333333,0.6451612903225806,0.7066666666666667
0.3667289614677429,39,9,66,36,0.8125,0.52,0.6341463414634146,0.7
0.37579017877578735,38,9,66,37,0.8085106382978723,0.5066666666666667,0.6229508196721312,0.6933333333333334
0.3800952434539795,38,8,67,37,0.8260869565217391,0.5066666666666667,0.628099173553719,0.7
0.39355307817459106,37,8,67,38,0.8222222222222222,0.49333333333333335,0.6166666666666666,0.6933333333333334
0.406643271446228,37,7,68,38,0.8409090909090909,0.49333333333333335,0.6218487394957983,0.7
0.42297816276550293,37,6,69,38,0.8604651162790697,0.49333333333333335,0.6271186440677966,0.7066666666666667
0.4302360415458679,36,6,69,39,0.8571428571428571,0.48,0.6153846153846153,0.7
0.43286076188087463,35,6,69,40,0.8536585365853658,0.4666666666666667,0.603448275862069,0.6933333333333334
0.4400969445705414,34,6,69,41,0.85,0.4533333333333333,0.591304347826087,0.6866666666666666
0.440459668636322,33,6,69,42,0.8461538461538461,0.44,0.5789473684210525,0.68
0.44863730669021606,32,6,69,43,0.8421052631578947,0.4266666666666667,0.5663716814159292,0.6733333333333333
0.45187896490097046,32,5,70,43,0.8648648648648649,0.4266666666666667,0.5714285714285715,0.68
0.46511542797088623,31,5,70,44,0.8611111111111112,0.41333333333333333,0.5585585585585585,0.6733333333333333
0.4672411382198334,30,5,70,45,0.8571428571428571,0.4,0.5454545454545455,0.6666666666666666
0.4690083861351013,30,4,71,45,0.8823529411764706,0.4,0.5504587155963303,0.6733333333333333
0.4815652072429657,29,4,71,46,0.8787878787878788,0.38666666666666666,0.537037037037037,0.6666666666666666
0.5132673382759094,28,4,71,47,0.875,0.37333333333333335,0.5233644859813085,0.66
0.5146876573562622,27,4,71,48,0.8709677419354839,0.36,0.5094339622641509,0.6533333333333333
0.5152950286865234,26,4,71,49,0.8666666666666667,0.3466666666666667,0.49523809523809526,0.6466666666666666
0.5180994868278503,26,3,72,49,0.896551724137931,0.3466666666666667,0.5,0.6533333333333333
0.5319243669509888,25,3,72,50,0.8928571428571429,0.3333333333333333,0.48543689320388345,0.6466666666666666
0.5623437166213989,24,3,72,51,0.8888888888888888,0.32,0.47058823529411764,0.64
0.581657886505127,24,2,73,51,0.9230769230769231,0.32,0.4752475247524752,0.6466666666666666
0.595293402671814,23,2,73,52,0.92,0.30666666666666664,0.4600000000000001,0.64
0.6182686686515808,22,2,73,53,0.9166666666666666,0.29333333333333333,0.4444444444444445,0.6333333333333333
0.6186099052429199,22,1,74,53,0.9565217391304348,0.29333333333333333,0.44897959183673475,0.64
0.6335476636886597,21,1,74,54,0.9545454545454546,0.28,0.43298969072164956,0.6333333333333333
0.6470795273780823,20,1,74,55,0.9523809523809523,0.26666666666666666,0.4166666666666667,0.6266666666666667
0.6739506721496582,19,1,74,56,0.95,0.25333333333333335,0.39999999999999997,0.62
0.6958969831466675,19,0,75,56,1.0,0.25333333333333335,0.4042553191489362,0.6266666666666667
0.7100042700767517,18,0,75,57,1.0,0.24,0.3870967741935484,0.62
0.7263255715370178,17,0,75,58,1.0,0.22666666666666666,0.3695652173913044,0.6133333333333333
0.7304229140281677,16,0,75,59,1.0,0.21333333333333335,0.3516483516483517,0.6066666666666667
0.7361098527908325,15,0,75,60,1.0,0.2,0.33333333333333337,0.6
0.7531774640083313,14,0,75,61,1.0,0.18666666666666668,0.3146067415730337,0.5933333333333334
0.7542312145233154,13,0,75,62,1.0,0.17333333333333334,0.29545454545454547,0.5866666666666667
0.7605255842208862,12,0,75,63,1.0,0.16,0.2758620689655173,0.58
0.8103834390640259,11,0,75,64,1.0,0.14666666666666667,0.2558139534883721,0.5733333333333334
0.8580225110054016,10,0,75,65,1.0,0.13333333333333333,0.23529411764705882,0.5666666666666667
0.8686745762825012,9,0,75,66,1.0,0.12,0.21428571428571425,0.56
0.8712683916091919,8,0,75,67,1.0,0.10666666666666667,0.1927710843373494,0.5533333333333333
0.8986572623252869,7,0,75,68,1.0,0.09333333333333334,0.17073170731707318,0.5466666666666666
0.9728286266326904,6,0,75,69,1.0,0.08,0.14814814814814814,0.54
0.9766594171524048,5,0,75,70,1.0,0.06666666666666667,0.125,0.5333333333333333
0.9784788489341736,4,0,75,71,1.0,0.05333333333333334,0.10126582278481014,0.5266666666666666
0.9873518943786621,3,0,75,72,1.0,0.04,0.07692307692307693,0.52
0.9898462891578674,2,0,75,73,1.0,0.02666666666666667,0.05194805194805195,0.5133333333333333
0.9912147521972656,1,0,75,74,1.0,0.013333333333333334,0.02631578947368421,0.5066666666666667
