complaint_text,rating,date,source,product,company_size,user_id,is_synthetic
Update: Records updated by a teammate don't reflect on my screen without a manual refresh. This is affecting my daily work.,2,2026-04-23,synthetic,Generic Helpdesk Software,,pre_auth_default,True
Changes I make aren't syncing across devices. Please look into this soon.,1,2026-04-23,synthetic,Generic Helpdesk Software,,pre_auth_default,True
"Just ran into this once more: Upgrade button just spins forever and never completes. Happening consistently, not a one-off.",2,2026-03-18,synthetic,Generic Helpdesk Software,,pre_auth_default,True
Just ran into this once more: Generated invoices are missing the company billing address.,2,2026-03-21,synthetic,Generic Helpdesk Software,,pre_auth_default,True
I was charged twice for the same subscription this month. Can someone confirm this is being looked at?,3,2026-04-29,synthetic,Generic Helpdesk Software,,pre_auth_default,True
Still happening - The connection keeps dropping while I'm using the app.,1,2026-05-24,synthetic,Generic Helpdesk Software,,pre_auth_default,True
Still happening - No OTP text message has come through after multiple retries.,2,2026-03-30,synthetic,Generic Helpdesk Software,,pre_auth_default,True
Live chat support shows as available but no one ever responds.,1,2026-05-22,synthetic,Generic Helpdesk Software,,pre_auth_default,True
I can't update the email address linked to my account. Can someone confirm this is being looked at?,1,2026-05-13,synthetic,Generic Helpdesk Software,,pre_auth_default,True
Just ran into this once more: Cross-device sync just isn't happening anymore.,2,2026-04-22,synthetic,Generic Helpdesk Software,,pre_auth_default,True
I keep getting logged out randomly in the middle of work.,1,2026-04-21,synthetic,Generic Helpdesk Software,,pre_auth_default,True
Update: I have to keep reopening the same ticket because it's never really fixed. Can someone confirm this is being looked at?,3,2026-05-03,synthetic,Generic Helpdesk Software,,pre_auth_default,True
Tax ID isn't showing up anywhere on the downloaded invoice. Please look into this soon.,1,2026-03-13,synthetic,Generic Helpdesk Software,,pre_auth_default,True
"No alerts are sent when a ticket status changes, I have to check manually.",1,2026-05-01,synthetic,Generic Helpdesk Software,,pre_auth_default,True
This has come up again. My card shows two separate charges for one invoice.,2,2026-04-25,synthetic,Generic Helpdesk Software,,pre_auth_default,True
Update: The application crashes immediately every time I open it. This is affecting my daily work.,3,2026-03-04,synthetic,Generic Helpdesk Software,,pre_auth_default,True
"The dashboard takes over a minute to load basic data. Happening consistently, not a one-off.",2,2026-03-04,synthetic,Generic Helpdesk Software,,pre_auth_default,True
Trying to log in via our identity provider throws a token error.,2,2026-04-06,synthetic,Generic Helpdesk Software,,pre_auth_default,True
This has come up again. My card keeps getting declined even though there are sufficient funds. Can someone confirm this is being looked at?,1,2026-05-09,synthetic,Generic Helpdesk Software,,pre_auth_default,True
Requested a manager review three times with no follow-up at all.,2,2026-04-10,synthetic,Generic Helpdesk Software,,pre_auth_default,True
This has come up again. Got a copy-pasted response that had nothing to do with my actual question.,1,2026-04-17,synthetic,Generic Helpdesk Software,,pre_auth_default,True
Still happening - Cross-device sync just isn't happening anymore. Please look into this soon.,2,2026-04-21,synthetic,Generic Helpdesk Software,,pre_auth_default,True
Following up on this: The application crashes immediately every time I open it. Please look into this soon.,1,2026-03-20,synthetic,Generic Helpdesk Software,,pre_auth_default,True
"Update: The application crashes immediately every time I open it. Happening consistently, not a one-off.",1,2026-03-25,synthetic,Generic Helpdesk Software,,pre_auth_default,True
Just ran into this once more: Changes I make aren't syncing across devices.,2,2026-04-23,synthetic,Generic Helpdesk Software,,pre_auth_default,True
"Just ran into this once more: The app signs me out on its own, forcing me to log back in constantly. Happening consistently, not a one-off.",2,2026-05-02,synthetic,Generic Helpdesk Software,,pre_auth_default,True
"This has come up again. I never received the OTP when trying to log in. Happening consistently, not a one-off.",2,2026-04-16,synthetic,Generic Helpdesk Software,,pre_auth_default,True
I set a teammate's access level but it reverts back on its own. Can someone confirm this is being looked at?,1,2026-03-12,synthetic,Generic Helpdesk Software,,pre_auth_default,True
Following up on this: Payment fails at checkout despite the card working everywhere else.,3,2026-04-01,synthetic,Generic Helpdesk Software,,pre_auth_default,True
The moment I open the app it force-closes.,1,2026-05-03,synthetic,Generic Helpdesk Software,,pre_auth_default,True
"This has come up again. Permission changes I make for team members don't save. Happening consistently, not a one-off.",2,2026-03-26,synthetic,Generic Helpdesk Software,,pre_auth_default,True
"Still happening - Upgrade button just spins forever and never completes. Happening consistently, not a one-off.",2,2026-04-21,synthetic,Generic Helpdesk Software,,pre_auth_default,True
"Update: Signing in fails every time because the SMS code doesn't arrive. Happening consistently, not a one-off.",1,2026-03-09,synthetic,Generic Helpdesk Software,,pre_auth_default,True
The connection keeps dropping while I'm using the app.,2,2026-04-09,synthetic,Generic Helpdesk Software,,pre_auth_default,True
"Random logouts are happening throughout the day, very disruptive. Please look into this soon.",3,2026-03-11,synthetic,Generic Helpdesk Software,,pre_auth_default,True
Just ran into this once more: Sync between the web app and mobile app is broken.,2,2026-04-22,synthetic,Generic Helpdesk Software,,pre_auth_default,True
"No OTP text message has come through after multiple retries. Happening consistently, not a one-off.",1,2026-04-24,synthetic,Generic Helpdesk Software,,pre_auth_default,True
Bulk actions on the tickets list just don't apply to anything selected. Can someone confirm this is being looked at?,1,2026-05-24,synthetic,Generic Helpdesk Software,,pre_auth_default,True
Following up on this: File attachments fail to upload no matter the file size.,1,2026-04-20,synthetic,Generic Helpdesk Software,,pre_auth_default,True
"OTP delivery is broken, I've waited 20 minutes and nothing came through.",3,2026-03-12,synthetic,Generic Helpdesk Software,,pre_auth_default,True
The refund was approved but the money never came back to my account.,2,2026-03-28,synthetic,Generic Helpdesk Software,,pre_auth_default,True
"Update: SAML login redirects back with an invalid token message. Happening consistently, not a one-off.",2,2026-05-21,synthetic,Generic Helpdesk Software,,pre_auth_default,True
This has come up again. Got billed two times for a single month of service.,2,2026-04-13,synthetic,Generic Helpdesk Software,,pre_auth_default,True
Just ran into this once more: Analytics figures seem to be miscalculated compared to raw data.,1,2026-05-23,synthetic,Generic Helpdesk Software,,pre_auth_default,True
"Following up on this: Account lockout triggered incorrectly and support hasn't unlocked it yet. Happening consistently, not a one-off.",1,2026-05-08,synthetic,Generic Helpdesk Software,,pre_auth_default,True
SSO login just spins and never completes.,3,2026-03-15,synthetic,Generic Helpdesk Software,,pre_auth_default,True
Following up on this: I keep getting disconnected and have to reload the page constantly. This is affecting my daily work.,1,2026-04-13,synthetic,Generic Helpdesk Software,,pre_auth_default,True
"Just ran into this once more: Got flagged as suspicious and locked out for no real reason. Happening consistently, not a one-off.",1,2026-05-21,synthetic,Generic Helpdesk Software,,pre_auth_default,True
Cross-device sync just isn't happening anymore.,1,2026-04-23,synthetic,Generic Helpdesk Software,,pre_auth_default,True
"Still happening - I asked to escalate this issue and nothing has happened since. Happening consistently, not a one-off.",2,2026-04-08,synthetic,Generic Helpdesk Software,,pre_auth_default,True
"Search returns no results even for terms I know exist in my tickets. Happening consistently, not a one-off.",2,2026-04-26,synthetic,Generic Helpdesk Software,,pre_auth_default,True
Reporting this again: I was locked out of my account even though I entered the correct password. This is affecting my daily work.,1,2026-04-26,synthetic,Generic Helpdesk Software,,pre_auth_default,True
Still happening - Tax ID isn't showing up anywhere on the downloaded invoice. Please look into this soon.,3,2026-03-06,synthetic,Generic Helpdesk Software,,pre_auth_default,True
Something in the newest release broke a workflow I rely on daily.,3,2026-05-30,synthetic,Generic Helpdesk Software,,pre_auth_default,True
Export just spins indefinitely and never produces a file.,2,2026-04-20,synthetic,Generic Helpdesk Software,,pre_auth_default,True
Reporting this again: I submitted a support ticket three days ago and haven't heard back.,1,2026-03-03,synthetic,Generic Helpdesk Software,,pre_auth_default,True
Following up on this: API responses started returning malformed data out of nowhere. Can someone confirm this is being looked at?,1,2026-04-14,synthetic,Generic Helpdesk Software,,pre_auth_default,True
"Still happening - Two-factor login is stuck because the code never shows up. Happening consistently, not a one-off.",2,2026-05-28,synthetic,Generic Helpdesk Software,,pre_auth_default,True
Notification alerts for updates have completely stopped coming through. This is affecting my daily work.,3,2026-05-17,synthetic,Generic Helpdesk Software,,pre_auth_default,True
Following up on this: Uploading a screenshot to a ticket just hangs and never finishes.,2,2026-04-17,synthetic,Generic Helpdesk Software,,pre_auth_default,True
Just ran into this once more: Single sign-on through our company account fails with an authentication error.,1,2026-05-25,synthetic,Generic Helpdesk Software,,pre_auth_default,True
"Still happening - App refuses to open, just crashes back to the home screen. Please look into this soon.",1,2026-04-18,synthetic,Generic Helpdesk Software,,pre_auth_default,True
This has come up again. CSV export has been broken for me the past few days.,1,2026-05-23,synthetic,Generic Helpdesk Software,,pre_auth_default,True
"Update: Random logouts are happening throughout the day, very disruptive.",1,2026-05-14,synthetic,Generic Helpdesk Software,,pre_auth_default,True
Still happening - File attachments fail to upload no matter the file size. This is affecting my daily work.,2,2026-05-05,synthetic,Generic Helpdesk Software,,pre_auth_default,True
I was locked out of my account even though I entered the correct password. This is affecting my daily work.,1,2026-05-13,synthetic,Generic Helpdesk Software,,pre_auth_default,True
"Update: Permission changes I make for team members don't save. Happening consistently, not a one-off.",2,2026-03-30,synthetic,Generic Helpdesk Software,,pre_auth_default,True
"This has come up again. After updating the app, a core feature stopped working entirely. Happening consistently, not a one-off.",3,2026-05-12,synthetic,Generic Helpdesk Software,,pre_auth_default,True
This has come up again. Got a copy-pasted response that had nothing to do with my actual question.,2,2026-05-18,synthetic,Generic Helpdesk Software,,pre_auth_default,True
Permission changes I make for team members don't save. Can someone confirm this is being looked at?,2,2026-04-20,synthetic,Generic Helpdesk Software,,pre_auth_default,True
My card shows two separate charges for one invoice.,2,2026-03-14,synthetic,Generic Helpdesk Software,,pre_auth_default,True
Reporting this again: My account wallet balance is showing an incorrect amount. Can someone confirm this is being looked at?,1,2026-05-04,synthetic,Generic Helpdesk Software,,pre_auth_default,True
Still happening - Generated invoices are missing the company billing address. Can someone confirm this is being looked at?,1,2026-03-19,synthetic,Generic Helpdesk Software,,pre_auth_default,True
Support marks the ticket as resolved but the problem is still there.,2,2026-04-20,synthetic,Generic Helpdesk Software,,pre_auth_default,True
Just ran into this once more: Single sign-on through our company account fails with an authentication error.,1,2026-04-17,synthetic,Generic Helpdesk Software,,pre_auth_default,True
"OTP delivery is broken, I've waited 20 minutes and nothing came through. Please look into this soon.",2,2026-04-01,synthetic,Generic Helpdesk Software,,pre_auth_default,True
Still happening - I was charged twice for the same subscription this month. Can someone confirm this is being looked at?,3,2026-03-11,synthetic,Generic Helpdesk Software,,pre_auth_default,True
Still happening - There's no way to actually cancel my subscription from the settings page. This is affecting my daily work.,2,2026-04-02,synthetic,Generic Helpdesk Software,,pre_auth_default,True
"Still happening - Exporting reports to CSV fails every time I try. Happening consistently, not a one-off.",1,2026-04-16,synthetic,Generic Helpdesk Software,,pre_auth_default,True
Reporting this again: Exporting reports to CSV fails every time I try.,2,2026-03-21,synthetic,Generic Helpdesk Software,,pre_auth_default,True
Just ran into this once more: Uploading a screenshot to a ticket just hangs and never finishes. Can someone confirm this is being looked at?,1,2026-03-16,synthetic,Generic Helpdesk Software,,pre_auth_default,True
There's a duplicate charge on my statement for this plan.,1,2026-04-03,synthetic,Generic Helpdesk Software,,pre_auth_default,True
I set a teammate's access level but it reverts back on its own.,1,2026-04-08,synthetic,Generic Helpdesk Software,,pre_auth_default,True
Following up on this: Records updated by a teammate don't reflect on my screen without a manual refresh.,1,2026-04-22,synthetic,Generic Helpdesk Software,,pre_auth_default,True
"Reporting this again: App closes itself right after launch, can't get past the loading screen. Please look into this soon.",2,2026-03-29,synthetic,Generic Helpdesk Software,,pre_auth_default,True
Update: The invoice doesn't show a proper tax breakdown for accounting purposes.,3,2026-05-11,synthetic,Generic Helpdesk Software,,pre_auth_default,True
Just ran into this once more: The analytics dashboard is showing numbers that don't match reality. This is affecting my daily work.,1,2026-05-07,synthetic,Generic Helpdesk Software,,pre_auth_default,True
"MFA enrollment keeps timing out before I can finish setup. Happening consistently, not a one-off.",2,2026-04-06,synthetic,Generic Helpdesk Software,,pre_auth_default,True
My card keeps getting declined even though there are sufficient funds.,2,2026-03-08,synthetic,Generic Helpdesk Software,,pre_auth_default,True
Just ran into this once more: Analytics figures seem to be miscalculated compared to raw data.,2,2026-03-09,synthetic,Generic Helpdesk Software,,pre_auth_default,True
"Just ran into this once more: Cross-device sync just isn't happening anymore. Happening consistently, not a one-off.",1,2026-04-21,synthetic,Generic Helpdesk Software,,pre_auth_default,True
"This has come up again. Tax ID isn't showing up anywhere on the downloaded invoice. Happening consistently, not a one-off.",2,2026-04-08,synthetic,Generic Helpdesk Software,,pre_auth_default,True
Still happening - There's no way to actually cancel my subscription from the settings page.,1,2026-05-12,synthetic,Generic Helpdesk Software,,pre_auth_default,True
Just ran into this once more: There's a duplicate charge on my statement for this plan. Can someone confirm this is being looked at?,3,2026-05-01,synthetic,Generic Helpdesk Software,,pre_auth_default,True
"The moment I open the app it force-closes. Happening consistently, not a one-off.",2,2026-04-17,synthetic,Generic Helpdesk Software,,pre_auth_default,True
"Following up on this: Changing my login email fails with a generic error every time. Happening consistently, not a one-off.",1,2026-03-20,synthetic,Generic Helpdesk Software,,pre_auth_default,True
The support agent I spoke to didn't actually solve my problem.,2,2026-03-19,synthetic,Generic Helpdesk Software,,pre_auth_default,True
Following up on this: My account wallet balance is showing an incorrect amount. Can someone confirm this is being looked at?,2,2026-05-23,synthetic,Generic Helpdesk Software,,pre_auth_default,True
Just ran into this once more: Refund status shows completed but I don't see the amount in my bank. Please look into this soon.,1,2026-04-06,synthetic,Generic Helpdesk Software,,pre_auth_default,True
My session expires every few minutes even though I'm active. Please look into this soon.,1,2026-03-09,synthetic,Generic Helpdesk Software,,pre_auth_default,True
Reporting this again: The authenticator app won't pair no matter how many times I scan the code. Can someone confirm this is being looked at?,3,2026-04-26,synthetic,Generic Helpdesk Software,,pre_auth_default,True
"Following up on this: The app signs me out on its own, forcing me to log back in constantly.",3,2026-05-12,synthetic,Generic Helpdesk Software,,pre_auth_default,True
Just ran into this once more: Trying to export data throws an error and nothing downloads. This is affecting my daily work.,2,2026-03-31,synthetic,Generic Helpdesk Software,,pre_auth_default,True
This has come up again. Setting up two-factor authentication fails at the QR code step.,3,2026-04-29,synthetic,Generic Helpdesk Software,,pre_auth_default,True
Sync between the web app and mobile app is broken.,2,2026-04-23,synthetic,Generic Helpdesk Software,,pre_auth_default,True
This has come up again. SAML login redirects back with an invalid token message.,2,2026-03-26,synthetic,Generic Helpdesk Software,,pre_auth_default,True
"Chat support just gave generic answers that didn't address my issue. Happening consistently, not a one-off.",1,2026-04-26,synthetic,Generic Helpdesk Software,,pre_auth_default,True
Just ran into this once more: The agent closed my ticket without actually fixing anything. This is affecting my daily work.,2,2026-05-11,synthetic,Generic Helpdesk Software,,pre_auth_default,True
I never received the OTP when trying to log in.,1,2026-04-05,synthetic,Generic Helpdesk Software,,pre_auth_default,True
My card keeps getting declined even though there are sufficient funds.,2,2026-03-23,synthetic,Generic Helpdesk Software,,pre_auth_default,True
Update: Our API integration stopped working after the last platform update.,2,2026-04-06,synthetic,Generic Helpdesk Software,,pre_auth_default,True
Following up on this: Analytics figures seem to be miscalculated compared to raw data. Please look into this soon.,2,2026-04-18,synthetic,Generic Helpdesk Software,,pre_auth_default,True
This has come up again. Push notifications just stopped working a week ago.,3,2026-05-27,synthetic,Generic Helpdesk Software,,pre_auth_default,True
There's no way to actually cancel my subscription from the settings page.,3,2026-04-18,synthetic,Generic Helpdesk Software,,pre_auth_default,True
No one has responded to my request for help yet.,3,2026-03-28,synthetic,Generic Helpdesk Software,,pre_auth_default,True
Reporting this again: Report totals in the dashboard don't add up correctly. This is affecting my daily work.,1,2026-04-27,synthetic,Generic Helpdesk Software,,pre_auth_default,True
"Update: Dashboard is lagging badly, barely usable during peak hours.",2,2026-03-19,synthetic,Generic Helpdesk Software,,pre_auth_default,True
Still happening - The dashboard takes over a minute to load basic data. This is affecting my daily work.,2,2026-05-22,synthetic,Generic Helpdesk Software,,pre_auth_default,True
"Still happening - Invoice PDF is incomplete, some line items are blank. Please look into this soon.",1,2026-05-12,synthetic,Generic Helpdesk Software,,pre_auth_default,True
This has come up again. Bulk actions on the tickets list just don't apply to anything selected. Please look into this soon.,1,2026-05-26,synthetic,Generic Helpdesk Software,,pre_auth_default,True
"Can't reset my password, the link expires instantly.",3,2026-05-02,synthetic,Generic Helpdesk Software,,pre_auth_default,True
"Following up on this: The app signs me out on its own, forcing me to log back in constantly.",1,2026-04-05,synthetic,Generic Helpdesk Software,,pre_auth_default,True
Still happening - Two-factor login is stuck because the code never shows up. Can someone confirm this is being looked at?,2,2026-05-20,synthetic,Generic Helpdesk Software,,pre_auth_default,True
Radio silence from support since I opened this ticket. Can someone confirm this is being looked at?,2,2026-03-18,synthetic,Generic Helpdesk Software,,pre_auth_default,True
"This has come up again. App closes itself right after launch, can't get past the loading screen. Please look into this soon.",2,2026-04-22,synthetic,Generic Helpdesk Software,,pre_auth_default,True
Changes I make aren't syncing across devices. This is affecting my daily work.,2,2026-04-20,synthetic,Generic Helpdesk Software,,pre_auth_default,True
"This has come up again. Dashboard is lagging badly, barely usable during peak hours. This is affecting my daily work.",1,2026-04-16,synthetic,Generic Helpdesk Software,,pre_auth_default,True
Still happening - Network connection drops randomly during active use. Can someone confirm this is being looked at?,3,2026-03-13,synthetic,Generic Helpdesk Software,,pre_auth_default,True
Just ran into this once more: Search returns no results even for terms I know exist in my tickets.,3,2026-05-24,synthetic,Generic Helpdesk Software,,pre_auth_default,True
Data updated on desktop doesn't show up on mobile until much later.,2,2026-04-21,synthetic,Generic Helpdesk Software,,pre_auth_default,True
"This has come up again. Changes I make aren't syncing across devices. Happening consistently, not a one-off.",2,2026-04-22,synthetic,Generic Helpdesk Software,,pre_auth_default,True
Reporting this again: Trying to export data throws an error and nothing downloads. Can someone confirm this is being looked at?,1,2026-04-30,synthetic,Generic Helpdesk Software,,pre_auth_default,True
I was charged twice for the same subscription this month. Please look into this soon.,1,2026-05-17,synthetic,Generic Helpdesk Software,,pre_auth_default,True
Still happening - Got billed two times for a single month of service.,2,2026-04-01,synthetic,Generic Helpdesk Software,,pre_auth_default,True
"I keep getting disconnected and have to reload the page constantly. Happening consistently, not a one-off.",3,2026-05-29,synthetic,Generic Helpdesk Software,,pre_auth_default,True
"This has come up again. Upgrade button just spins forever and never completes. Happening consistently, not a one-off.",2,2026-04-26,synthetic,Generic Helpdesk Software,,pre_auth_default,True
The application crashes immediately every time I open it.,2,2026-05-01,synthetic,Generic Helpdesk Software,,pre_auth_default,True
Report totals in the dashboard don't add up correctly.,1,2026-04-24,synthetic,Generic Helpdesk Software,,pre_auth_default,True
Just ran into this once more: I tried to move to a higher tier and the transaction errors out. Can someone confirm this is being looked at?,3,2026-03-01,synthetic,Generic Helpdesk Software,,pre_auth_default,True
Following up on this: Reset password flow throws a 404 as soon as I click the emailed link.,1,2026-04-24,synthetic,Generic Helpdesk Software,,pre_auth_default,True
Reporting this again: Chat support just gave generic answers that didn't address my issue. Can someone confirm this is being looked at?,1,2026-05-06,synthetic,Generic Helpdesk Software,,pre_auth_default,True
"Random logouts are happening throughout the day, very disruptive.",2,2026-03-09,synthetic,Generic Helpdesk Software,,pre_auth_default,True
File attachments fail to upload no matter the file size. Can someone confirm this is being looked at?,1,2026-05-23,synthetic,Generic Helpdesk Software,,pre_auth_default,True
Update: Cross-device sync just isn't happening anymore. Can someone confirm this is being looked at?,3,2026-04-22,synthetic,Generic Helpdesk Software,,pre_auth_default,True
This has come up again. Setting up two-factor authentication fails at the QR code step. This is affecting my daily work.,2,2026-04-03,synthetic,Generic Helpdesk Software,,pre_auth_default,True
Just ran into this once more: Got a copy-pasted response that had nothing to do with my actual question.,2,2026-04-11,synthetic,Generic Helpdesk Software,,pre_auth_default,True
Reporting this again: The chat widget just sits there with no agent picking it up. Can someone confirm this is being looked at?,1,2026-05-12,synthetic,Generic Helpdesk Software,,pre_auth_default,True
The moment I open the app it force-closes.,2,2026-05-08,synthetic,Generic Helpdesk Software,,pre_auth_default,True
"Update: Payment fails at checkout despite the card working everywhere else. Happening consistently, not a one-off.",1,2026-05-27,synthetic,Generic Helpdesk Software,,pre_auth_default,True
"This has come up again. The export button doesn't do anything, no file gets downloaded.",2,2026-05-03,synthetic,Generic Helpdesk Software,,pre_auth_default,True
"Following up on this: It crashes on startup on my device, happens every single time. Can someone confirm this is being looked at?",2,2026-05-11,synthetic,Generic Helpdesk Software,,pre_auth_default,True
Still happening - Account lockout triggered incorrectly and support hasn't unlocked it yet. Please look into this soon.,2,2026-03-17,synthetic,Generic Helpdesk Software,,pre_auth_default,True
Still happening - The moment I open the app it force-closes.,1,2026-04-23,synthetic,Generic Helpdesk Software,,pre_auth_default,True
"This has come up again. After updating the app, a core feature stopped working entirely.",2,2026-03-08,synthetic,Generic Helpdesk Software,,pre_auth_default,True
I have to keep reopening the same ticket because it's never really fixed. This is affecting my daily work.,1,2026-05-04,synthetic,Generic Helpdesk Software,,pre_auth_default,True
Just ran into this once more: Exporting reports to CSV fails every time I try.,3,2026-03-19,synthetic,Generic Helpdesk Software,,pre_auth_default,True
"This has come up again. The export button doesn't do anything, no file gets downloaded. Can someone confirm this is being looked at?",1,2026-03-03,synthetic,Generic Helpdesk Software,,pre_auth_default,True
I have to keep reopening the same ticket because it's never really fixed. Please look into this soon.,2,2026-05-09,synthetic,Generic Helpdesk Software,,pre_auth_default,True
The refund was approved but the money never came back to my account.,1,2026-03-29,synthetic,Generic Helpdesk Software,,pre_auth_default,True
Update: I can't update the email address linked to my account. This is affecting my daily work.,2,2026-03-29,synthetic,Generic Helpdesk Software,,pre_auth_default,True
Live chat support shows as available but no one ever responds.,3,2026-05-24,synthetic,Generic Helpdesk Software,,pre_auth_default,True
This has come up again. The cancel button on the billing page does nothing when clicked. Can someone confirm this is being looked at?,2,2026-04-06,synthetic,Generic Helpdesk Software,,pre_auth_default,True
"Signing in fails every time because the SMS code doesn't arrive. Happening consistently, not a one-off.",3,2026-03-21,synthetic,Generic Helpdesk Software,,pre_auth_default,True
Reset password flow throws a 404 as soon as I click the emailed link.,1,2026-05-24,synthetic,Generic Helpdesk Software,,pre_auth_default,True
Export just spins indefinitely and never produces a file. Please look into this soon.,3,2026-05-01,synthetic,Generic Helpdesk Software,,pre_auth_default,True
"After updating the app, a core feature stopped working entirely. Please look into this soon.",2,2026-05-05,synthetic,Generic Helpdesk Software,,pre_auth_default,True
"I submitted a support ticket three days ago and haven't heard back. Happening consistently, not a one-off.",1,2026-05-05,synthetic,Generic Helpdesk Software,,pre_auth_default,True
Still happening - The support agent I spoke to didn't actually solve my problem.,2,2026-04-27,synthetic,Generic Helpdesk Software,,pre_auth_default,True
I submitted a support ticket three days ago and haven't heard back.,1,2026-03-26,synthetic,Generic Helpdesk Software,,pre_auth_default,True
"The verification code never arrived on my phone, so I can't sign in. Happening consistently, not a one-off.",2,2026-05-09,synthetic,Generic Helpdesk Software,,pre_auth_default,True
"Reporting this again: This version introduced a bug that wasn't there before the update. Happening consistently, not a one-off.",1,2026-05-22,synthetic,Generic Helpdesk Software,,pre_auth_default,True
"Just ran into this once more: Can't reset my password, the link expires instantly. Can someone confirm this is being looked at?",1,2026-03-23,synthetic,Generic Helpdesk Software,,pre_auth_default,True
"My account got locked after one failed login attempt, which seems wrong.",3,2026-04-06,synthetic,Generic Helpdesk Software,,pre_auth_default,True
Reporting this again: I was locked out of my account even though I entered the correct password.,3,2026-03-09,synthetic,Generic Helpdesk Software,,pre_auth_default,True
"Still happening - It crashes on startup on my device, happens every single time. Happening consistently, not a one-off.",1,2026-04-22,synthetic,Generic Helpdesk Software,,pre_auth_default,True
This has come up again. Plan upgrade charged my card but didn't actually upgrade the account. This is affecting my daily work.,2,2026-03-07,synthetic,Generic Helpdesk Software,,pre_auth_default,True
Reporting this again: Wallet shows less credit than what was added last week. Can someone confirm this is being looked at?,2,2026-05-26,synthetic,Generic Helpdesk Software,,pre_auth_default,True
Just ran into this once more: Plan upgrade charged my card but didn't actually upgrade the account.,3,2026-04-19,synthetic,Generic Helpdesk Software,,pre_auth_default,True
"Update: The password reset link in the email doesn't work, it just shows an error page.",3,2026-03-05,synthetic,Generic Helpdesk Software,,pre_auth_default,True
Still happening - The webhook integration isn't firing events anymore. Please look into this soon.,1,2026-05-29,synthetic,Generic Helpdesk Software,,pre_auth_default,True
Following up on this: The analytics dashboard is showing numbers that don't match reality.,2,2026-03-18,synthetic,Generic Helpdesk Software,,pre_auth_default,True
This has come up again. I never received the OTP when trying to log in. This is affecting my daily work.,2,2026-05-22,synthetic,Generic Helpdesk Software,,pre_auth_default,True
Session keeps dying even while I'm actively typing. This is affecting my daily work.,3,2026-05-09,synthetic,Generic Helpdesk Software,,pre_auth_default,True
Reporting this again: SAML login redirects back with an invalid token message. Can someone confirm this is being looked at?,1,2026-05-11,synthetic,Generic Helpdesk Software,,pre_auth_default,True
"Still happening - Invoice PDF is incomplete, some line items are blank. Can someone confirm this is being looked at?",3,2026-05-15,synthetic,Generic Helpdesk Software,,pre_auth_default,True
This has come up again. Support marks the ticket as resolved but the problem is still there.,2,2026-05-27,synthetic,Generic Helpdesk Software,,pre_auth_default,True
Reporting this again: Requested a manager review three times with no follow-up at all.,2,2026-04-29,synthetic,Generic Helpdesk Software,,pre_auth_default,True
Records updated by a teammate don't reflect on my screen without a manual refresh. Can someone confirm this is being looked at?,3,2026-04-21,synthetic,Generic Helpdesk Software,,pre_auth_default,True
Still happening - Still waiting on a refund that was promised over two weeks ago.,1,2026-04-16,synthetic,Generic Helpdesk Software,,pre_auth_default,True
Plan upgrade charged my card but didn't actually upgrade the account. Can someone confirm this is being looked at?,2,2026-03-21,synthetic,Generic Helpdesk Software,,pre_auth_default,True
Push notifications just stopped working a week ago.,2,2026-04-19,synthetic,Generic Helpdesk Software,,pre_auth_default,True
Following up on this: I can't update the email address linked to my account. This is affecting my daily work.,2,2026-04-12,synthetic,Generic Helpdesk Software,,pre_auth_default,True
"Following up on this: The export button doesn't do anything, no file gets downloaded. Please look into this soon.",1,2026-03-06,synthetic,Generic Helpdesk Software,,pre_auth_default,True
"This has come up again. I cancelled weeks ago and still haven't received my refund. Happening consistently, not a one-off.",1,2026-05-02,synthetic,Generic Helpdesk Software,,pre_auth_default,True
Reporting this again: I'm still waiting on any response from the support team. Can someone confirm this is being looked at?,2,2026-03-07,synthetic,Generic Helpdesk Software,,pre_auth_default,True
Just ran into this once more: Session keeps dying even while I'm actively typing.,2,2026-04-03,synthetic,Generic Helpdesk Software,,pre_auth_default,True
Just ran into this once more: Radio silence from support since I opened this ticket.,2,2026-04-19,synthetic,Generic Helpdesk Software,,pre_auth_default,True
Still happening - No one has responded to my request for help yet. This is affecting my daily work.,1,2026-03-01,synthetic,Generic Helpdesk Software,,pre_auth_default,True
Still happening - SSO login just spins and never completes.,1,2026-03-01,synthetic,Generic Helpdesk Software,,pre_auth_default,True
"This has come up again. Invoice PDF is incomplete, some line items are blank.",2,2026-03-05,synthetic,Generic Helpdesk Software,,pre_auth_default,True
Following up on this: Requested a manager review three times with no follow-up at all.,3,2026-03-21,synthetic,Generic Helpdesk Software,,pre_auth_default,True
Still happening - Got flagged as suspicious and locked out for no real reason.,1,2026-05-14,synthetic,Generic Helpdesk Software,,pre_auth_default,True
"Still happening - API calls are returning errors that weren't happening before. Happening consistently, not a one-off.",3,2026-05-01,synthetic,Generic Helpdesk Software,,pre_auth_default,True
"Performance has gotten really bad, pages hang for a long time before loading.",1,2026-04-11,synthetic,Generic Helpdesk Software,,pre_auth_default,True
The refund was approved but the money never came back to my account. Can someone confirm this is being looked at?,2,2026-03-02,synthetic,Generic Helpdesk Software,,pre_auth_default,True
Reporting this again: Support marks the ticket as resolved but the problem is still there. Please look into this soon.,1,2026-03-29,synthetic,Generic Helpdesk Software,,pre_auth_default,True
This has come up again. Wallet shows less credit than what was added last week.,1,2026-05-07,synthetic,Generic Helpdesk Software,,pre_auth_default,True
This has come up again. Still waiting on a refund that was promised over two weeks ago.,1,2026-03-09,synthetic,Generic Helpdesk Software,,pre_auth_default,True
Reporting this again: Sync between the web app and mobile app is broken.,1,2026-04-22,synthetic,Generic Helpdesk Software,,pre_auth_default,True
"The dashboard takes over a minute to load basic data. Happening consistently, not a one-off.",3,2026-03-28,synthetic,Generic Helpdesk Software,,pre_auth_default,True
Update: I keep getting logged out randomly in the middle of work.,2,2026-04-20,synthetic,Generic Helpdesk Software,,pre_auth_default,True
"Still happening - Network connection drops randomly during active use. Happening consistently, not a one-off.",1,2026-05-29,synthetic,Generic Helpdesk Software,,pre_auth_default,True
Just ran into this once more: I clicked forgot password and the reset link is broken. Can someone confirm this is being looked at?,1,2026-04-04,synthetic,Generic Helpdesk Software,,pre_auth_default,True
"Update: The verification code never arrived on my phone, so I can't sign in. Happening consistently, not a one-off.",1,2026-04-04,synthetic,Generic Helpdesk Software,,pre_auth_default,True
"Reporting this again: My account got locked after one failed login attempt, which seems wrong. Happening consistently, not a one-off.",2,2026-03-16,synthetic,Generic Helpdesk Software,,pre_auth_default,True
Wallet shows less credit than what was added last week. This is affecting my daily work.,2,2026-05-08,synthetic,Generic Helpdesk Software,,pre_auth_default,True
Following up on this: Billing deducted the amount twice in the same billing cycle. This is affecting my daily work.,1,2026-03-26,synthetic,Generic Helpdesk Software,,pre_auth_default,True
Just ran into this once more: CSV export has been broken for me the past few days.,1,2026-04-11,synthetic,Generic Helpdesk Software,,pre_auth_default,True
Following up on this: I tried to move to a higher tier and the transaction errors out. Can someone confirm this is being looked at?,2,2026-05-01,synthetic,Generic Helpdesk Software,,pre_auth_default,True
Analytics figures seem to be miscalculated compared to raw data. Please look into this soon.,2,2026-04-29,synthetic,Generic Helpdesk Software,,pre_auth_default,True
Following up on this: My card keeps getting declined even though there are sufficient funds.,1,2026-05-21,synthetic,Generic Helpdesk Software,,pre_auth_default,True
"Update: I clicked forgot password and the reset link is broken. Happening consistently, not a one-off.",2,2026-04-09,synthetic,Generic Helpdesk Software,,pre_auth_default,True
Update: Chat support just gave generic answers that didn't address my issue.,2,2026-03-04,synthetic,Generic Helpdesk Software,,pre_auth_default,True
Following up on this: Export just spins indefinitely and never produces a file. Please look into this soon.,3,2026-04-08,synthetic,Generic Helpdesk Software,,pre_auth_default,True
Following up on this: Cross-device sync just isn't happening anymore. Please look into this soon.,2,2026-04-22,synthetic,Generic Helpdesk Software,,pre_auth_default,True
"Following up on this: My account got locked after one failed login attempt, which seems wrong.",3,2026-04-10,synthetic,Generic Helpdesk Software,,pre_auth_default,True
Reporting this again: I keep getting disconnected and have to reload the page constantly.,2,2026-05-14,synthetic,Generic Helpdesk Software,,pre_auth_default,True
I tried to move to a higher tier and the transaction errors out. This is affecting my daily work.,2,2026-04-14,synthetic,Generic Helpdesk Software,,pre_auth_default,True
Following up on this: Setting up two-factor authentication fails at the QR code step. This is affecting my daily work.,1,2026-04-21,synthetic,Generic Helpdesk Software,,pre_auth_default,True
Just ran into this once more: The connection keeps dropping while I'm using the app. Please look into this soon.,2,2026-03-21,synthetic,Generic Helpdesk Software,,pre_auth_default,True
This has come up again. Support hasn't replied to my message even after multiple follow-ups.,2,2026-03-05,synthetic,Generic Helpdesk Software,,pre_auth_default,True
"Reporting this again: Refund request was accepted but nothing has actually been credited. Happening consistently, not a one-off.",2,2026-04-28,synthetic,Generic Helpdesk Software,,pre_auth_default,True
"The app signs me out on its own, forcing me to log back in constantly.",2,2026-05-08,synthetic,Generic Helpdesk Software,,pre_auth_default,True
"Just ran into this once more: Everything is painfully slow, loading a single page takes forever. Happening consistently, not a one-off.",1,2026-03-28,synthetic,Generic Helpdesk Software,,pre_auth_default,True
This has come up again. I asked to escalate this issue and nothing has happened since. This is affecting my daily work.,2,2026-05-01,synthetic,Generic Helpdesk Software,,pre_auth_default,True
Reporting this again: Data updated on desktop doesn't show up on mobile until much later.,2,2026-04-23,synthetic,Generic Helpdesk Software,,pre_auth_default,True
"The verification code never arrived on my phone, so I can't sign in.",3,2026-05-11,synthetic,Generic Helpdesk Software,,pre_auth_default,True
This has come up again. MFA enrollment keeps timing out before I can finish setup.,1,2026-05-11,synthetic,Generic Helpdesk Software,,pre_auth_default,True
The support agent I spoke to didn't actually solve my problem. Please look into this soon.,2,2026-04-16,synthetic,Generic Helpdesk Software,,pre_auth_default,True
Plan upgrade charged my card but didn't actually upgrade the account.,2,2026-05-10,synthetic,Generic Helpdesk Software,,pre_auth_default,True
"This version introduced a bug that wasn't there before the update. Happening consistently, not a one-off.",3,2026-03-12,synthetic,Generic Helpdesk Software,,pre_auth_default,True
"No alerts are sent when a ticket status changes, I have to check manually. This is affecting my daily work.",3,2026-04-09,synthetic,Generic Helpdesk Software,,pre_auth_default,True
This has come up again. Password reset email arrives but the link leads to a blank screen. Please look into this soon.,1,2026-04-27,synthetic,Generic Helpdesk Software,,pre_auth_default,True
Just ran into this once more: Refund request was accepted but nothing has actually been credited.,3,2026-04-05,synthetic,Generic Helpdesk Software,,pre_auth_default,True
Reporting this again: Session keeps dying even while I'm actively typing.,3,2026-03-07,synthetic,Generic Helpdesk Software,,pre_auth_default,True
Records updated by a teammate don't reflect on my screen without a manual refresh. This is affecting my daily work.,2,2026-04-20,synthetic,Generic Helpdesk Software,,pre_auth_default,True
"Update: My account got locked after one failed login attempt, which seems wrong.",2,2026-03-04,synthetic,Generic Helpdesk Software,,pre_auth_default,True
"App closes itself right after launch, can't get past the loading screen. Happening consistently, not a one-off.",2,2026-05-22,synthetic,Generic Helpdesk Software,,pre_auth_default,True
"Just ran into this once more: Role permissions keep resetting to default after I configure them. Happening consistently, not a one-off.",1,2026-03-05,synthetic,Generic Helpdesk Software,,pre_auth_default,True
Update: My session expires every few minutes even though I'm active.,1,2026-03-25,synthetic,Generic Helpdesk Software,,pre_auth_default,True
Radio silence from support since I opened this ticket. Can someone confirm this is being looked at?,2,2026-04-17,synthetic,Generic Helpdesk Software,,pre_auth_default,True
I'm still waiting on any response from the support team. Can someone confirm this is being looked at?,2,2026-05-27,synthetic,Generic Helpdesk Software,,pre_auth_default,True
Still happening - Requested a manager review three times with no follow-up at all. This is affecting my daily work.,1,2026-03-10,synthetic,Generic Helpdesk Software,,pre_auth_default,True
Still happening - Still waiting on a refund that was promised over two weeks ago. Please look into this soon.,1,2026-03-02,synthetic,Generic Helpdesk Software,,pre_auth_default,True
Reporting this again: The webhook integration isn't firing events anymore. Please look into this soon.,2,2026-04-15,synthetic,Generic Helpdesk Software,,pre_auth_default,True
"Still happening - Refund status shows completed but I don't see the amount in my bank. Happening consistently, not a one-off.",3,2026-05-14,synthetic,Generic Helpdesk Software,,pre_auth_default,True
Update: The search bar just comes back empty no matter what I type. This is affecting my daily work.,2,2026-05-18,synthetic,Generic Helpdesk Software,,pre_auth_default,True
Reporting this again: The agent closed my ticket without actually fixing anything. Please look into this soon.,1,2026-04-25,synthetic,Generic Helpdesk Software,,pre_auth_default,True
Update: Refund status shows completed but I don't see the amount in my bank.,3,2026-04-03,synthetic,Generic Helpdesk Software,,pre_auth_default,True
Something in the newest release broke a workflow I rely on daily. This is affecting my daily work.,2,2026-04-26,synthetic,Generic Helpdesk Software,,pre_auth_default,True
Report totals in the dashboard don't add up correctly. Can someone confirm this is being looked at?,3,2026-03-03,synthetic,Generic Helpdesk Software,,pre_auth_default,True
Reporting this again: Support hasn't replied to my message even after multiple follow-ups.,2,2026-03-06,synthetic,Generic Helpdesk Software,,pre_auth_default,True
Just ran into this once more: Two-factor login is stuck because the code never shows up. This is affecting my daily work.,1,2026-03-12,synthetic,Generic Helpdesk Software,,pre_auth_default,True
Session keeps dying even while I'm actively typing.,2,2026-03-31,synthetic,Generic Helpdesk Software,,pre_auth_default,True
Reporting this again: API calls are returning errors that weren't happening before. This is affecting my daily work.,2,2026-04-14,synthetic,Generic Helpdesk Software,,pre_auth_default,True
"App closes itself right after launch, can't get past the loading screen. This is affecting my daily work.",1,2026-03-10,synthetic,Generic Helpdesk Software,,pre_auth_default,True
Reporting this again: I'm still waiting on any response from the support team.,3,2026-05-07,synthetic,Generic Helpdesk Software,,pre_auth_default,True
"This has come up again. Can't reset my password, the link expires instantly. Can someone confirm this is being looked at?",1,2026-04-22,synthetic,Generic Helpdesk Software,,pre_auth_default,True
Reporting this again: Got flagged as suspicious and locked out for no real reason. This is affecting my daily work.,2,2026-03-09,synthetic,Generic Helpdesk Software,,pre_auth_default,True
The connection keeps dropping while I'm using the app.,2,2026-05-11,synthetic,Generic Helpdesk Software,,pre_auth_default,True
Still happening - Reset password flow throws a 404 as soon as I click the emailed link. Can someone confirm this is being looked at?,1,2026-05-21,synthetic,Generic Helpdesk Software,,pre_auth_default,True
"Performance has gotten really bad, pages hang for a long time before loading.",1,2026-04-23,synthetic,Generic Helpdesk Software,,pre_auth_default,True
Following up on this: Trying to export data throws an error and nothing downloads. Please look into this soon.,1,2026-04-09,synthetic,Generic Helpdesk Software,,pre_auth_default,True
Reporting this again: No one has responded to my request for help yet.,3,2026-05-24,synthetic,Generic Helpdesk Software,,pre_auth_default,True
Following up on this: Something in the newest release broke a workflow I rely on daily. This is affecting my daily work.,1,2026-05-14,synthetic,Generic Helpdesk Software,,pre_auth_default,True
Update: Our API integration stopped working after the last platform update. Please look into this soon.,3,2026-04-11,synthetic,Generic Helpdesk Software,,pre_auth_default,True
Signing in fails every time because the SMS code doesn't arrive.,2,2026-03-05,synthetic,Generic Helpdesk Software,,pre_auth_default,True
"Password reset email arrives but the link leads to a blank screen. Happening consistently, not a one-off.",1,2026-05-13,synthetic,Generic Helpdesk Software,,pre_auth_default,True
"Reporting this again: There's no way to bulk update multiple tickets at once, only one at a time.",1,2026-04-05,synthetic,Generic Helpdesk Software,,pre_auth_default,True
Role permissions keep resetting to default after I configure them.,1,2026-04-13,synthetic,Generic Helpdesk Software,,pre_auth_default,True
Following up on this: The chat widget just sits there with no agent picking it up. Please look into this soon.,3,2026-05-21,synthetic,Generic Helpdesk Software,,pre_auth_default,True
This has come up again. I submitted a support ticket three days ago and haven't heard back. This is affecting my daily work.,1,2026-05-18,synthetic,Generic Helpdesk Software,,pre_auth_default,True
Update: Payment fails at checkout despite the card working everywhere else. This is affecting my daily work.,2,2026-05-14,synthetic,Generic Helpdesk Software,,pre_auth_default,True
Reporting this again: Network connection drops randomly during active use.,2,2026-04-12,synthetic,Generic Helpdesk Software,,pre_auth_default,True
This has come up again. API responses started returning malformed data out of nowhere.,2,2026-04-01,synthetic,Generic Helpdesk Software,,pre_auth_default,True
Still happening - Live chat support shows as available but no one ever responds.,1,2026-05-21,synthetic,Generic Helpdesk Software,,pre_auth_default,True
Update: I cancelled weeks ago and still haven't received my refund. Can someone confirm this is being looked at?,2,2026-04-29,synthetic,Generic Helpdesk Software,,pre_auth_default,True
I tried to move to a higher tier and the transaction errors out.,1,2026-05-20,synthetic,Generic Helpdesk Software,,pre_auth_default,True
"There's a duplicate charge on my statement for this plan. Happening consistently, not a one-off.",1,2026-04-08,synthetic,Generic Helpdesk Software,,pre_auth_default,True
Records updated by a teammate don't reflect on my screen without a manual refresh. Please look into this soon.,2,2026-04-23,synthetic,Generic Helpdesk Software,,pre_auth_default,True
MFA enrollment keeps timing out before I can finish setup. This is affecting my daily work.,1,2026-04-23,synthetic,Generic Helpdesk Software,,pre_auth_default,True
Just ran into this once more: Notification alerts for updates have completely stopped coming through.,1,2026-03-12,synthetic,Generic Helpdesk Software,,pre_auth_default,True
Reporting this again: I'm not getting notified when a new ticket is assigned to me. Please look into this soon.,2,2026-03-29,synthetic,Generic Helpdesk Software,,pre_auth_default,True
This has come up again. Report totals in the dashboard don't add up correctly.,3,2026-05-05,synthetic,Generic Helpdesk Software,,pre_auth_default,True
This has come up again. I keep getting logged out randomly in the middle of work.,2,2026-04-21,synthetic,Generic Helpdesk Software,,pre_auth_default,True
Just ran into this once more: I keep getting logged out randomly in the middle of work.,1,2026-03-08,synthetic,Generic Helpdesk Software,,pre_auth_default,True
Got flagged as suspicious and locked out for no real reason. Please look into this soon.,3,2026-05-12,synthetic,Generic Helpdesk Software,,pre_auth_default,True
"Just ran into this once more: App refuses to open, just crashes back to the home screen.",2,2026-05-07,synthetic,Generic Helpdesk Software,,pre_auth_default,True
Data updated on desktop doesn't show up on mobile until much later. Please look into this soon.,3,2026-04-20,synthetic,Generic Helpdesk Software,,pre_auth_default,True
The latest update broke a feature that was working fine before.,2,2026-05-04,synthetic,Generic Helpdesk Software,,pre_auth_default,True
Update: I cancelled weeks ago and still haven't received my refund.,3,2026-03-25,synthetic,Generic Helpdesk Software,,pre_auth_default,True
This has come up again. API responses started returning malformed data out of nowhere. Can someone confirm this is being looked at?,3,2026-03-08,synthetic,Generic Helpdesk Software,,pre_auth_default,True
"Update: There's no way to bulk update multiple tickets at once, only one at a time. Happening consistently, not a one-off.",1,2026-03-06,synthetic,Generic Helpdesk Software,,pre_auth_default,True
This has come up again. Permission changes I make for team members don't save.,1,2026-05-04,synthetic,Generic Helpdesk Software,,pre_auth_default,True
"Reporting this again: This version introduced a bug that wasn't there before the update. Happening consistently, not a one-off.",1,2026-03-11,synthetic,Generic Helpdesk Software,,pre_auth_default,True
Update: I never received the OTP when trying to log in. Can someone confirm this is being looked at?,2,2026-04-13,synthetic,Generic Helpdesk Software,,pre_auth_default,True
Reporting this again: There's no way to actually cancel my subscription from the settings page. Please look into this soon.,2,2026-04-08,synthetic,Generic Helpdesk Software,,pre_auth_default,True
Just ran into this once more: Live chat support shows as available but no one ever responds.,2,2026-04-08,synthetic,Generic Helpdesk Software,,pre_auth_default,True
Following up on this: Data updated on desktop doesn't show up on mobile until much later. This is affecting my daily work.,2,2026-04-22,synthetic,Generic Helpdesk Software,,pre_auth_default,True
The search bar just comes back empty no matter what I type. Please look into this soon.,1,2026-04-18,synthetic,Generic Helpdesk Software,,pre_auth_default,True
Reporting this again: Role permissions keep resetting to default after I configure them.,3,2026-04-28,synthetic,Generic Helpdesk Software,,pre_auth_default,True
"Dashboard is lagging badly, barely usable during peak hours.",3,2026-05-19,synthetic,Generic Helpdesk Software,,pre_auth_default,True
"Following up on this: Everything is painfully slow, loading a single page takes forever. This is affecting my daily work.",2,2026-05-27,synthetic,Generic Helpdesk Software,,pre_auth_default,True
Still happening - Search returns no results even for terms I know exist in my tickets. Can someone confirm this is being looked at?,2,2026-04-18,synthetic,Generic Helpdesk Software,,pre_auth_default,True
Just ran into this once more: My account wallet balance is showing an incorrect amount. Can someone confirm this is being looked at?,2,2026-05-09,synthetic,Generic Helpdesk Software,,pre_auth_default,True
"Update: It crashes on startup on my device, happens every single time. This is affecting my daily work.",2,2026-04-26,synthetic,Generic Helpdesk Software,,pre_auth_default,True
Just ran into this once more: Sync between the web app and mobile app is broken. Please look into this soon.,1,2026-04-22,synthetic,Generic Helpdesk Software,,pre_auth_default,True
Still happening - Export just spins indefinitely and never produces a file. Please look into this soon.,1,2026-03-02,synthetic,Generic Helpdesk Software,,pre_auth_default,True
Following up on this: Signing in fails every time because the SMS code doesn't arrive.,1,2026-04-27,synthetic,Generic Helpdesk Software,,pre_auth_default,True
SSO login just spins and never completes.,1,2026-04-12,synthetic,Generic Helpdesk Software,,pre_auth_default,True
"Still happening - The password reset link in the email doesn't work, it just shows an error page. Please look into this soon.",3,2026-05-17,synthetic,Generic Helpdesk Software,,pre_auth_default,True
"Billing deducted the amount twice in the same billing cycle. Happening consistently, not a one-off.",2,2026-04-24,synthetic,Generic Helpdesk Software,,pre_auth_default,True
This has come up again. I keep getting disconnected and have to reload the page constantly.,1,2026-03-29,synthetic,Generic Helpdesk Software,,pre_auth_default,True
Still happening - Trying to log in via our identity provider throws a token error.,2,2026-04-26,synthetic,Generic Helpdesk Software,,pre_auth_default,True
"Got a copy-pasted response that had nothing to do with my actual question. Happening consistently, not a one-off.",3,2026-05-21,synthetic,Generic Helpdesk Software,,pre_auth_default,True
Two-factor login is stuck because the code never shows up. Please look into this soon.,3,2026-03-26,synthetic,Generic Helpdesk Software,,pre_auth_default,True
The analytics dashboard is showing numbers that don't match reality. This is affecting my daily work.,1,2026-04-02,synthetic,Generic Helpdesk Software,,pre_auth_default,True
Update: Reset password flow throws a 404 as soon as I click the emailed link.,1,2026-03-10,synthetic,Generic Helpdesk Software,,pre_auth_default,True
No OTP text message has come through after multiple retries.,1,2026-05-12,synthetic,Generic Helpdesk Software,,pre_auth_default,True
Notification alerts for updates have completely stopped coming through.,3,2026-05-10,synthetic,Generic Helpdesk Software,,pre_auth_default,True
I clicked forgot password and the reset link is broken. Please look into this soon.,1,2026-04-11,synthetic,Generic Helpdesk Software,,pre_auth_default,True
Just ran into this once more: Support hasn't replied to my message even after multiple follow-ups. This is affecting my daily work.,2,2026-03-15,synthetic,Generic Helpdesk Software,,pre_auth_default,True
This has come up again. Data updated on desktop doesn't show up on mobile until much later. This is affecting my daily work.,1,2026-04-21,synthetic,Generic Helpdesk Software,,pre_auth_default,True
"Still happening - Notification alerts for updates have completely stopped coming through. Happening consistently, not a one-off.",1,2026-04-16,synthetic,Generic Helpdesk Software,,pre_auth_default,True
"Following up on this: The export button doesn't do anything, no file gets downloaded.",2,2026-05-12,synthetic,Generic Helpdesk Software,,pre_auth_default,True
Records updated by a teammate don't reflect on my screen without a manual refresh.,2,2026-04-23,synthetic,Generic Helpdesk Software,,pre_auth_default,True
Just ran into this once more: SAML login redirects back with an invalid token message.,1,2026-03-15,synthetic,Generic Helpdesk Software,,pre_auth_default,True
Uploading a screenshot to a ticket just hangs and never finishes.,1,2026-04-06,synthetic,Generic Helpdesk Software,,pre_auth_default,True
Just ran into this once more: Upgrading my plan keeps failing at the payment step.,2,2026-04-06,synthetic,Generic Helpdesk Software,,pre_auth_default,True
Following up on this: Account lockout triggered incorrectly and support hasn't unlocked it yet.,1,2026-05-06,synthetic,Generic Helpdesk Software,,pre_auth_default,True
"App refuses to open, just crashes back to the home screen. This is affecting my daily work.",2,2026-04-05,synthetic,Generic Helpdesk Software,,pre_auth_default,True
Just ran into this once more: The dashboard takes over a minute to load basic data. Please look into this soon.,1,2026-04-25,synthetic,Generic Helpdesk Software,,pre_auth_default,True
Update: Search returns no results even for terms I know exist in my tickets. Please look into this soon.,2,2026-03-31,synthetic,Generic Helpdesk Software,,pre_auth_default,True
Reporting this again: Loading times have gotten unbearable over the last few weeks. This is affecting my daily work.,2,2026-05-16,synthetic,Generic Helpdesk Software,,pre_auth_default,True
I was charged twice for the same subscription this month. Please look into this soon.,2,2026-05-22,synthetic,Generic Helpdesk Software,,pre_auth_default,True
This has come up again. Upgrading my plan keeps failing at the payment step.,2,2026-03-24,synthetic,Generic Helpdesk Software,,pre_auth_default,True
Uploading a screenshot to a ticket just hangs and never finishes.,1,2026-04-27,synthetic,Generic Helpdesk Software,,pre_auth_default,True
Update: Changes I make aren't syncing across devices. This is affecting my daily work.,1,2026-04-23,synthetic,Generic Helpdesk Software,,pre_auth_default,True
"Loading times have gotten unbearable over the last few weeks. Happening consistently, not a one-off.",1,2026-04-30,synthetic,Generic Helpdesk Software,,pre_auth_default,True
Update: Got billed two times for a single month of service. This is affecting my daily work.,2,2026-05-29,synthetic,Generic Helpdesk Software,,pre_auth_default,True
Still happening - Changes I make aren't syncing across devices.,1,2026-04-22,synthetic,Generic Helpdesk Software,,pre_auth_default,True
"Reporting this again: My ticket keeps getting closed before the issue is actually resolved. Happening consistently, not a one-off.",3,2026-03-10,synthetic,Generic Helpdesk Software,,pre_auth_default,True
My card shows two separate charges for one invoice. This is affecting my daily work.,1,2026-05-15,synthetic,Generic Helpdesk Software,,pre_auth_default,True
Just ran into this once more: The invoice doesn't show a proper tax breakdown for accounting purposes. Please look into this soon.,3,2026-05-03,synthetic,Generic Helpdesk Software,,pre_auth_default,True
The authenticator app won't pair no matter how many times I scan the code. Can someone confirm this is being looked at?,3,2026-04-24,synthetic,Generic Helpdesk Software,,pre_auth_default,True
Still happening - Trying to log in via our identity provider throws a token error.,1,2026-05-29,synthetic,Generic Helpdesk Software,,pre_auth_default,True
"Still happening - I cancelled weeks ago and still haven't received my refund. Happening consistently, not a one-off.",2,2026-03-17,synthetic,Generic Helpdesk Software,,pre_auth_default,True
"Reporting this again: I set a teammate's access level but it reverts back on its own. Happening consistently, not a one-off.",1,2026-04-30,synthetic,Generic Helpdesk Software,,pre_auth_default,True
Reporting this again: The latest update broke a feature that was working fine before.,3,2026-04-12,synthetic,Generic Helpdesk Software,,pre_auth_default,True
Something in the newest release broke a workflow I rely on daily.,1,2026-03-26,synthetic,Generic Helpdesk Software,,pre_auth_default,True
Sync between the web app and mobile app is broken. Can someone confirm this is being looked at?,2,2026-04-21,synthetic,Generic Helpdesk Software,,pre_auth_default,True
Following up on this: I asked to escalate this issue and nothing has happened since.,1,2026-04-17,synthetic,Generic Helpdesk Software,,pre_auth_default,True
"This has come up again. OTP delivery is broken, I've waited 20 minutes and nothing came through. Please look into this soon.",3,2026-03-16,synthetic,Generic Helpdesk Software,,pre_auth_default,True
Reporting this again: Trying to log in via our identity provider throws a token error.,1,2026-05-27,synthetic,Generic Helpdesk Software,,pre_auth_default,True
Reporting this again: Bulk actions on the tickets list just don't apply to anything selected.,3,2026-04-08,synthetic,Generic Helpdesk Software,,pre_auth_default,True
Following up on this: Sync between the web app and mobile app is broken. Can someone confirm this is being looked at?,2,2026-04-20,synthetic,Generic Helpdesk Software,,pre_auth_default,True
No OTP text message has come through after multiple retries. This is affecting my daily work.,3,2026-04-18,synthetic,Generic Helpdesk Software,,pre_auth_default,True
Role permissions keep resetting to default after I configure them. Please look into this soon.,2,2026-03-21,synthetic,Generic Helpdesk Software,,pre_auth_default,True
"Still happening - The invoice doesn't show a proper tax breakdown for accounting purposes. Happening consistently, not a one-off.",1,2026-03-11,synthetic,Generic Helpdesk Software,,pre_auth_default,True
Following up on this: API calls are returning errors that weren't happening before.,3,2026-03-23,synthetic,Generic Helpdesk Software,,pre_auth_default,True
Still happening - The chat widget just sits there with no agent picking it up. Please look into this soon.,1,2026-05-08,synthetic,Generic Helpdesk Software,,pre_auth_default,True
"Just ran into this once more: I'm not getting notified when a new ticket is assigned to me. Happening consistently, not a one-off.",3,2026-04-16,synthetic,Generic Helpdesk Software,,pre_auth_default,True
Loading times have gotten unbearable over the last few weeks.,1,2026-05-09,synthetic,Generic Helpdesk Software,,pre_auth_default,True
Chat support just gave generic answers that didn't address my issue.,2,2026-03-09,synthetic,Generic Helpdesk Software,,pre_auth_default,True
My session expires every few minutes even though I'm active. This is affecting my daily work.,2,2026-04-03,synthetic,Generic Helpdesk Software,,pre_auth_default,True
Just ran into this once more: I have to keep reopening the same ticket because it's never really fixed. This is affecting my daily work.,1,2026-04-22,synthetic,Generic Helpdesk Software,,pre_auth_default,True
"Reporting this again: Dashboard is lagging badly, barely usable during peak hours. This is affecting my daily work.",2,2026-04-10,synthetic,Generic Helpdesk Software,,pre_auth_default,True
"Data updated on desktop doesn't show up on mobile until much later. Happening consistently, not a one-off.",1,2026-04-22,synthetic,Generic Helpdesk Software,,pre_auth_default,True
"This has come up again. Upgrading my plan keeps failing at the payment step. Happening consistently, not a one-off.",2,2026-04-07,synthetic,Generic Helpdesk Software,,pre_auth_default,True
Billing deducted the amount twice in the same billing cycle. This is affecting my daily work.,2,2026-03-23,synthetic,Generic Helpdesk Software,,pre_auth_default,True
Update: Generated invoices are missing the company billing address. Can someone confirm this is being looked at?,2,2026-05-06,synthetic,Generic Helpdesk Software,,pre_auth_default,True
Upgrade button just spins forever and never completes.,1,2026-03-15,synthetic,Generic Helpdesk Software,,pre_auth_default,True
"File attachments fail to upload no matter the file size. Happening consistently, not a one-off.",1,2026-05-01,synthetic,Generic Helpdesk Software,,pre_auth_default,True
Sync between the web app and mobile app is broken.,2,2026-04-21,synthetic,Generic Helpdesk Software,,pre_auth_default,True
"Update: Performance has gotten really bad, pages hang for a long time before loading.",1,2026-05-10,synthetic,Generic Helpdesk Software,,pre_auth_default,True
"Following up on this: My account wallet balance is showing an incorrect amount. Happening consistently, not a one-off.",1,2026-05-23,synthetic,Generic Helpdesk Software,,pre_auth_default,True
Just ran into this once more: Still waiting on a refund that was promised over two weeks ago.,2,2026-04-24,synthetic,Generic Helpdesk Software,,pre_auth_default,True
Update: The invoice doesn't show a proper tax breakdown for accounting purposes. This is affecting my daily work.,1,2026-03-15,synthetic,Generic Helpdesk Software,,pre_auth_default,True
Data updated on desktop doesn't show up on mobile until much later.,1,2026-04-21,synthetic,Generic Helpdesk Software,,pre_auth_default,True
My card shows two separate charges for one invoice.,1,2026-03-29,synthetic,Generic Helpdesk Software,,pre_auth_default,True
This has come up again. Payment fails at checkout despite the card working everywhere else.,1,2026-05-28,synthetic,Generic Helpdesk Software,,pre_auth_default,True
I'm not getting notified when a new ticket is assigned to me. Please look into this soon.,2,2026-05-21,synthetic,Generic Helpdesk Software,,pre_auth_default,True
This has come up again. The support agent I spoke to didn't actually solve my problem. This is affecting my daily work.,2,2026-04-13,synthetic,Generic Helpdesk Software,,pre_auth_default,True
Just ran into this once more: Exporting reports to CSV fails every time I try. Please look into this soon.,2,2026-05-02,synthetic,Generic Helpdesk Software,,pre_auth_default,True
"Update: Push notifications just stopped working a week ago. Happening consistently, not a one-off.",2,2026-05-16,synthetic,Generic Helpdesk Software,,pre_auth_default,True
"Still happening - Our API integration stopped working after the last platform update. Happening consistently, not a one-off.",2,2026-03-11,synthetic,Generic Helpdesk Software,,pre_auth_default,True
CSV export has been broken for me the past few days.,2,2026-04-06,synthetic,Generic Helpdesk Software,,pre_auth_default,True
Reporting this again: I'm not getting notified when a new ticket is assigned to me.,1,2026-05-14,synthetic,Generic Helpdesk Software,,pre_auth_default,True
Reporting this again: My ticket keeps getting closed before the issue is actually resolved. This is affecting my daily work.,1,2026-05-10,synthetic,Generic Helpdesk Software,,pre_auth_default,True
This has come up again. My session expires every few minutes even though I'm active.,3,2026-03-10,synthetic,Generic Helpdesk Software,,pre_auth_default,True
"My ticket keeps getting closed before the issue is actually resolved. Happening consistently, not a one-off.",1,2026-05-30,synthetic,Generic Helpdesk Software,,pre_auth_default,True
API calls are returning errors that weren't happening before.,2,2026-03-03,synthetic,Generic Helpdesk Software,,pre_auth_default,True
Reporting this again: I can't update the email address linked to my account. Please look into this soon.,1,2026-03-11,synthetic,Generic Helpdesk Software,,pre_auth_default,True
"The verification code never arrived on my phone, so I can't sign in.",1,2026-04-14,synthetic,Generic Helpdesk Software,,pre_auth_default,True
Refund request was accepted but nothing has actually been credited.,1,2026-03-20,synthetic,Generic Helpdesk Software,,pre_auth_default,True
"Invoice PDF is incomplete, some line items are blank.",1,2026-05-26,synthetic,Generic Helpdesk Software,,pre_auth_default,True
Just ran into this once more: The authenticator app won't pair no matter how many times I scan the code. This is affecting my daily work.,2,2026-05-20,synthetic,Generic Helpdesk Software,,pre_auth_default,True
This has come up again. Loading times have gotten unbearable over the last few weeks. Please look into this soon.,3,2026-03-29,synthetic,Generic Helpdesk Software,,pre_auth_default,True
Changing my login email fails with a generic error every time.,3,2026-04-23,synthetic,Generic Helpdesk Software,,pre_auth_default,True
"Just ran into this once more: Changes I make aren't syncing across devices. Happening consistently, not a one-off.",3,2026-04-21,synthetic,Generic Helpdesk Software,,pre_auth_default,True
This has come up again. The analytics dashboard is showing numbers that don't match reality.,1,2026-05-05,synthetic,Generic Helpdesk Software,,pre_auth_default,True
The webhook integration isn't firing events anymore. This is affecting my daily work.,3,2026-05-28,synthetic,Generic Helpdesk Software,,pre_auth_default,True
The latest update broke a feature that was working fine before.,3,2026-05-20,synthetic,Generic Helpdesk Software,,pre_auth_default,True
Update: The chat widget just sits there with no agent picking it up.,1,2026-05-06,synthetic,Generic Helpdesk Software,,pre_auth_default,True
Just ran into this once more: Trying to export data throws an error and nothing downloads.,2,2026-03-10,synthetic,Generic Helpdesk Software,,pre_auth_default,True
"Update: Setting up two-factor authentication fails at the QR code step. Happening consistently, not a one-off.",1,2026-04-09,synthetic,Generic Helpdesk Software,,pre_auth_default,True
"Can't reset my password, the link expires instantly.",1,2026-03-03,synthetic,Generic Helpdesk Software,,pre_auth_default,True
"Following up on this: OTP delivery is broken, I've waited 20 minutes and nothing came through. Please look into this soon.",1,2026-04-21,synthetic,Generic Helpdesk Software,,pre_auth_default,True
This has come up again. The latest update broke a feature that was working fine before. Can someone confirm this is being looked at?,2,2026-05-13,synthetic,Generic Helpdesk Software,,pre_auth_default,True
"This has come up again. After updating the app, a core feature stopped working entirely. Please look into this soon.",1,2026-03-20,synthetic,Generic Helpdesk Software,,pre_auth_default,True
This has come up again. Radio silence from support since I opened this ticket.,3,2026-03-15,synthetic,Generic Helpdesk Software,,pre_auth_default,True
Following up on this: Wallet shows less credit than what was added last week.,2,2026-04-10,synthetic,Generic Helpdesk Software,,pre_auth_default,True
Reporting this again: The refund was approved but the money never came back to my account.,2,2026-05-03,synthetic,Generic Helpdesk Software,,pre_auth_default,True
Still happening - Password reset email arrives but the link leads to a blank screen. This is affecting my daily work.,2,2026-03-21,synthetic,Generic Helpdesk Software,,pre_auth_default,True
The authenticator app won't pair no matter how many times I scan the code.,3,2026-03-06,synthetic,Generic Helpdesk Software,,pre_auth_default,True
Following up on this: Our API integration stopped working after the last platform update.,3,2026-05-27,synthetic,Generic Helpdesk Software,,pre_auth_default,True
Reporting this again: The agent closed my ticket without actually fixing anything. This is affecting my daily work.,1,2026-05-12,synthetic,Generic Helpdesk Software,,pre_auth_default,True
Records updated by a teammate don't reflect on my screen without a manual refresh.,1,2026-04-20,synthetic,Generic Helpdesk Software,,pre_auth_default,True
"This has come up again. Random logouts are happening throughout the day, very disruptive. Can someone confirm this is being looked at?",3,2026-05-10,synthetic,Generic Helpdesk Software,,pre_auth_default,True
"Still happening - The credit balance doesn't match what I actually topped up. Happening consistently, not a one-off.",2,2026-04-08,synthetic,Generic Helpdesk Software,,pre_auth_default,True
"Just ran into this once more: App refuses to open, just crashes back to the home screen.",3,2026-04-19,synthetic,Generic Helpdesk Software,,pre_auth_default,True
Update: I clicked forgot password and the reset link is broken.,3,2026-05-25,synthetic,Generic Helpdesk Software,,pre_auth_default,True
The search bar just comes back empty no matter what I type. Can someone confirm this is being looked at?,2,2026-03-26,synthetic,Generic Helpdesk Software,,pre_auth_default,True
Generated invoices are missing the company billing address. This is affecting my daily work.,1,2026-04-11,synthetic,Generic Helpdesk Software,,pre_auth_default,True
Following up on this: MFA enrollment keeps timing out before I can finish setup. Can someone confirm this is being looked at?,1,2026-05-10,synthetic,Generic Helpdesk Software,,pre_auth_default,True
Got billed two times for a single month of service.,2,2026-05-08,synthetic,Generic Helpdesk Software,,pre_auth_default,True
Update: There's a duplicate charge on my statement for this plan.,3,2026-04-30,synthetic,Generic Helpdesk Software,,pre_auth_default,True
Still happening - The credit balance doesn't match what I actually topped up.,1,2026-05-19,synthetic,Generic Helpdesk Software,,pre_auth_default,True
Still happening - Single sign-on through our company account fails with an authentication error. Can someone confirm this is being looked at?,2,2026-03-07,synthetic,Generic Helpdesk Software,,pre_auth_default,True
"Changes I make aren't syncing across devices. Happening consistently, not a one-off.",1,2026-04-23,synthetic,Generic Helpdesk Software,,pre_auth_default,True
"Update: There's no way to bulk update multiple tickets at once, only one at a time.",1,2026-03-09,synthetic,Generic Helpdesk Software,,pre_auth_default,True
"This has come up again. No alerts are sent when a ticket status changes, I have to check manually. Can someone confirm this is being looked at?",1,2026-05-08,synthetic,Generic Helpdesk Software,,pre_auth_default,True
"Update: There's no way to bulk update multiple tickets at once, only one at a time. Can someone confirm this is being looked at?",3,2026-05-13,synthetic,Generic Helpdesk Software,,pre_auth_default,True
Just ran into this once more: Data updated on desktop doesn't show up on mobile until much later. Can someone confirm this is being looked at?,1,2026-04-22,synthetic,Generic Helpdesk Software,,pre_auth_default,True
"The password reset link in the email doesn't work, it just shows an error page.",3,2026-03-21,synthetic,Generic Helpdesk Software,,pre_auth_default,True
"Everything is painfully slow, loading a single page takes forever.",3,2026-04-12,synthetic,Generic Helpdesk Software,,pre_auth_default,True
Just ran into this once more: CSV export has been broken for me the past few days.,1,2026-05-19,synthetic,Generic Helpdesk Software,,pre_auth_default,True
Following up on this: SSO login just spins and never completes.,1,2026-03-06,synthetic,Generic Helpdesk Software,,pre_auth_default,True
Following up on this: The agent closed my ticket without actually fixing anything.,1,2026-04-25,synthetic,Generic Helpdesk Software,,pre_auth_default,True
Update: API responses started returning malformed data out of nowhere.,3,2026-03-07,synthetic,Generic Helpdesk Software,,pre_auth_default,True
"Still happening - Push notifications just stopped working a week ago. Happening consistently, not a one-off.",2,2026-03-16,synthetic,Generic Helpdesk Software,,pre_auth_default,True
Changing my login email fails with a generic error every time. This is affecting my daily work.,2,2026-04-13,synthetic,Generic Helpdesk Software,,pre_auth_default,True
Still happening - The webhook integration isn't firing events anymore.,2,2026-05-13,synthetic,Generic Helpdesk Software,,pre_auth_default,True
Billing deducted the amount twice in the same billing cycle.,1,2026-03-26,synthetic,Generic Helpdesk Software,,pre_auth_default,True
"Update: Everything is painfully slow, loading a single page takes forever. Please look into this soon.",2,2026-04-11,synthetic,Generic Helpdesk Software,,pre_auth_default,True
"Cross-device sync just isn't happening anymore. Happening consistently, not a one-off.",2,2026-04-20,synthetic,Generic Helpdesk Software,,pre_auth_default,True
Reporting this again: Support marks the ticket as resolved but the problem is still there.,1,2026-05-10,synthetic,Generic Helpdesk Software,,pre_auth_default,True
Just ran into this once more: Account lockout triggered incorrectly and support hasn't unlocked it yet. This is affecting my daily work.,2,2026-03-22,synthetic,Generic Helpdesk Software,,pre_auth_default,True
"Update: The credit balance doesn't match what I actually topped up. Happening consistently, not a one-off.",1,2026-03-31,synthetic,Generic Helpdesk Software,,pre_auth_default,True
Just ran into this once more: Bulk actions on the tickets list just don't apply to anything selected.,2,2026-03-08,synthetic,Generic Helpdesk Software,,pre_auth_default,True
Update: Single sign-on through our company account fails with an authentication error. Can someone confirm this is being looked at?,2,2026-03-21,synthetic,Generic Helpdesk Software,,pre_auth_default,True
"Still happening - The cancel button on the billing page does nothing when clicked. Happening consistently, not a one-off.",2,2026-05-09,synthetic,Generic Helpdesk Software,,pre_auth_default,True
"Still happening - The cancel button on the billing page does nothing when clicked. Happening consistently, not a one-off.",2,2026-04-07,synthetic,Generic Helpdesk Software,,pre_auth_default,True
No one has responded to my request for help yet.,3,2026-04-09,synthetic,Generic Helpdesk Software,,pre_auth_default,True
This has come up again. Tax ID isn't showing up anywhere on the downloaded invoice.,2,2026-05-27,synthetic,Generic Helpdesk Software,,pre_auth_default,True
Reporting this again: Sync between the web app and mobile app is broken.,1,2026-04-20,synthetic,Generic Helpdesk Software,,pre_auth_default,True
Update: I asked to escalate this issue and nothing has happened since.,2,2026-03-13,synthetic,Generic Helpdesk Software,,pre_auth_default,True
The credit balance doesn't match what I actually topped up. Please look into this soon.,1,2026-05-15,synthetic,Generic Helpdesk Software,,pre_auth_default,True
I'm still waiting on any response from the support team.,3,2026-03-31,synthetic,Generic Helpdesk Software,,pre_auth_default,True
Update: The search bar just comes back empty no matter what I type.,2,2026-05-26,synthetic,Generic Helpdesk Software,,pre_auth_default,True
Upgrading my plan keeps failing at the payment step.,2,2026-04-02,synthetic,Generic Helpdesk Software,,pre_auth_default,True
"Still happening - The password reset link in the email doesn't work, it just shows an error page. Please look into this soon.",1,2026-03-02,synthetic,Generic Helpdesk Software,,pre_auth_default,True
"Following up on this: Performance has gotten really bad, pages hang for a long time before loading.",1,2026-04-28,synthetic,Generic Helpdesk Software,,pre_auth_default,True
Reporting this again: Records updated by a teammate don't reflect on my screen without a manual refresh.,2,2026-04-20,synthetic,Generic Helpdesk Software,,pre_auth_default,True
"It crashes on startup on my device, happens every single time. Please look into this soon.",1,2026-04-16,synthetic,Generic Helpdesk Software,,pre_auth_default,True
Following up on this: Support hasn't replied to my message even after multiple follow-ups.,3,2026-05-25,synthetic,Generic Helpdesk Software,,pre_auth_default,True
"Network connection drops randomly during active use. Happening consistently, not a one-off.",2,2026-05-25,synthetic,Generic Helpdesk Software,,pre_auth_default,True
Just ran into this once more: I was locked out of my account even though I entered the correct password.,2,2026-05-25,synthetic,Generic Helpdesk Software,,pre_auth_default,True
"Just ran into this once more: No alerts are sent when a ticket status changes, I have to check manually.",3,2026-03-22,synthetic,Generic Helpdesk Software,,pre_auth_default,True
Update: My ticket keeps getting closed before the issue is actually resolved.,1,2026-03-18,synthetic,Generic Helpdesk Software,,pre_auth_default,True
I set a teammate's access level but it reverts back on its own.,2,2026-03-21,synthetic,Generic Helpdesk Software,,pre_auth_default,True
Reporting this again: This version introduced a bug that wasn't there before the update. Can someone confirm this is being looked at?,2,2026-05-20,synthetic,Generic Helpdesk Software,,pre_auth_default,True
Following up on this: Cross-device sync just isn't happening anymore.,2,2026-04-20,synthetic,Generic Helpdesk Software,,pre_auth_default,True
Reporting this again: Password reset email arrives but the link leads to a blank screen. Can someone confirm this is being looked at?,1,2026-04-09,synthetic,Generic Helpdesk Software,,pre_auth_default,True
"Update: Refund request was accepted but nothing has actually been credited. Happening consistently, not a one-off.",1,2026-04-22,synthetic,Generic Helpdesk Software,,pre_auth_default,True
This has come up again. Refund status shows completed but I don't see the amount in my bank. This is affecting my daily work.,2,2026-04-13,synthetic,Generic Helpdesk Software,,pre_auth_default,True
This has come up again. The cancel button on the billing page does nothing when clicked. Can someone confirm this is being looked at?,2,2026-04-08,synthetic,Generic Helpdesk Software,,pre_auth_default,True
Reporting this again: Changing my login email fails with a generic error every time.,3,2026-04-19,synthetic,Generic Helpdesk Software,,pre_auth_default,True
