threshold,TP,FP,TN,FN,precision,recall,f1
-11.415908,75,75,0,0,0.5,1.0,0.6666666666666666
-11.415907,75,75,0,0,0.5,1.0,0.6666666666666666
-11.371689,75,74,1,0,0.5033557046979866,1.0,0.6696428571428572
-11.356401,75,73,2,0,0.5067567567567568,1.0,0.672645739910314
-11.351423,75,72,3,0,0.5102040816326531,1.0,0.6756756756756758
-11.304293,75,71,4,0,0.5136986301369864,1.0,0.6787330316742082
-11.284016,75,70,5,0,0.5172413793103449,1.0,0.6818181818181819
-11.149353,75,69,6,0,0.5208333333333334,1.0,0.684931506849315
-11.098004,74,69,6,1,0.5174825174825175,0.9866666666666667,0.6788990825688073
-11.042424,74,68,7,1,0.5211267605633803,0.9866666666666667,0.6820276497695853
-11.031475,74,67,8,1,0.524822695035461,0.9866666666666667,0.6851851851851852
-10.925123,74,66,9,1,0.5285714285714286,0.9866666666666667,0.6883720930232557
-10.878593,74,65,10,1,0.5323741007194245,0.9866666666666667,0.691588785046729
-10.8255005,74,64,11,1,0.5362318840579711,0.9866666666666667,0.6948356807511737
-10.77792,74,63,12,1,0.5401459854014599,0.9866666666666667,0.6981132075471698
-10.726285,74,62,13,1,0.5441176470588235,0.9866666666666667,0.7014218009478673
-10.715034,73,62,13,2,0.5407407407407407,0.9733333333333334,0.6952380952380952
-10.690437,72,62,13,3,0.5373134328358209,0.96,0.6889952153110048
-10.6874895,72,61,14,3,0.5413533834586466,0.96,0.6923076923076922
-10.564074,72,60,15,3,0.5454545454545454,0.96,0.6956521739130435
-10.435787,72,59,16,3,0.549618320610687,0.96,0.6990291262135923
-10.366177,72,58,17,3,0.5538461538461539,0.96,0.7024390243902439
-10.358753,72,57,18,3,0.5581395348837209,0.96,0.7058823529411763
-10.260519,72,56,19,3,0.5625,0.96,0.7093596059113301
-10.125917,72,55,20,3,0.5669291338582677,0.96,0.712871287128713
-10.097431,72,54,21,3,0.5714285714285714,0.96,0.7164179104477612
-10.051336,72,53,22,3,0.576,0.96,0.7199999999999999
-10.007395,72,52,23,3,0.5806451612903226,0.96,0.7236180904522614
-9.880104,72,51,24,3,0.5853658536585366,0.96,0.7272727272727272
-9.857826,72,50,25,3,0.5901639344262295,0.96,0.7309644670050761
-9.758524,72,49,26,3,0.5950413223140496,0.96,0.7346938775510204
-9.7115965,71,49,26,4,0.5916666666666667,0.9466666666666667,0.7282051282051282
-9.505096,71,48,27,4,0.5966386554621849,0.9466666666666667,0.7319587628865979
-9.487015,70,48,27,5,0.5932203389830508,0.9333333333333333,0.7253886010362695
-9.41726,70,47,28,5,0.5982905982905983,0.9333333333333333,0.7291666666666667
-9.28804,69,47,28,6,0.5948275862068966,0.92,0.7225130890052356
-9.2661495,69,46,29,6,0.6,0.92,0.7263157894736842
-9.192382,68,46,29,7,0.5964912280701754,0.9066666666666666,0.7195767195767195
-9.162527,68,45,30,7,0.6017699115044248,0.9066666666666666,0.7234042553191489
-9.098122,67,45,30,8,0.5982142857142857,0.8933333333333333,0.7165775401069517
-9.0057335,67,44,31,8,0.6036036036036037,0.8933333333333333,0.7204301075268817
-8.963495,67,43,32,8,0.6090909090909091,0.8933333333333333,0.7243243243243244
-8.923197,67,42,33,8,0.6146788990825688,0.8933333333333333,0.7282608695652175
-8.900175,67,41,34,8,0.6203703703703703,0.8933333333333333,0.7322404371584699
-8.875362,67,40,35,8,0.6261682242990654,0.8933333333333333,0.7362637362637362
-8.8109,67,39,36,8,0.6320754716981132,0.8933333333333333,0.7403314917127072
-8.698521,67,38,37,8,0.638095238095238,0.8933333333333333,0.7444444444444445
-8.591705,66,38,37,9,0.6346153846153846,0.88,0.7374301675977655
-8.507228,66,37,38,9,0.6407766990291263,0.88,0.7415730337078652
-8.503161,65,37,38,10,0.6372549019607843,0.8666666666666667,0.7344632768361582
-8.376107,64,37,38,11,0.6336633663366337,0.8533333333333334,0.7272727272727273
-8.224177,64,36,39,11,0.64,0.8533333333333334,0.7314285714285714
-8.20888,63,36,39,12,0.6363636363636364,0.84,0.7241379310344828
-8.191834,62,36,39,13,0.6326530612244898,0.8266666666666667,0.7167630057803468
-8.18771,62,35,40,13,0.6391752577319587,0.8266666666666667,0.7209302325581395
-8.183625,62,34,41,13,0.6458333333333334,0.8266666666666667,0.7251461988304094
-8.175923,62,33,42,13,0.6526315789473685,0.8266666666666667,0.7294117647058824
-8.127716,61,33,42,14,0.648936170212766,0.8133333333333334,0.7218934911242603
-8.07111,61,32,43,14,0.6559139784946236,0.8133333333333334,0.726190476190476
-8.0673065,60,32,43,15,0.6521739130434783,0.8,0.718562874251497
-8.053121,59,32,43,16,0.6483516483516484,0.7866666666666666,0.710843373493976
-7.993714,59,31,44,16,0.6555555555555556,0.7866666666666666,0.7151515151515152
-7.9770527,58,31,44,17,0.651685393258427,0.7733333333333333,0.7073170731707319
-7.9318867,58,30,45,17,0.6590909090909091,0.7733333333333333,0.7116564417177914
-7.907609,58,29,46,17,0.6666666666666666,0.7733333333333333,0.7160493827160493
-7.860283,57,29,46,18,0.6627906976744186,0.76,0.7080745341614907
-7.8424115,57,28,47,18,0.6705882352941176,0.76,0.7124999999999999
-7.6561165,56,28,47,19,0.6666666666666666,0.7466666666666667,0.7044025157232704
-7.6379004,56,27,48,19,0.6746987951807228,0.7466666666666667,0.708860759493671
-7.622135,55,27,48,20,0.6707317073170732,0.7333333333333333,0.7006369426751593
-7.594557,55,26,49,20,0.6790123456790124,0.7333333333333333,0.7051282051282051
-7.5001707,55,25,50,20,0.6875,0.7333333333333333,0.7096774193548386
-7.4189715,55,24,51,20,0.6962025316455697,0.7333333333333333,0.7142857142857143
-7.384919,55,23,52,20,0.7051282051282052,0.7333333333333333,0.7189542483660132
-7.3846602,54,23,52,21,0.7012987012987013,0.72,0.7105263157894737
-7.2698164,54,22,53,21,0.7105263157894737,0.72,0.7152317880794702
-7.1330843,54,21,54,21,0.72,0.72,0.72
-6.9980874,53,21,54,22,0.7162162162162162,0.7066666666666667,0.7114093959731544
-6.9767,52,21,54,23,0.7123287671232876,0.6933333333333334,0.7027027027027026
-6.862646,52,20,55,23,0.7222222222222222,0.6933333333333334,0.7074829931972788
-6.7423267,51,20,55,24,0.7183098591549296,0.68,0.6986301369863014
-6.612918,50,20,55,25,0.7142857142857143,0.6666666666666666,0.689655172413793
-6.3225355,50,19,56,25,0.7246376811594203,0.6666666666666666,0.6944444444444444
-6.2397776,49,19,56,26,0.7205882352941176,0.6533333333333333,0.6853146853146852
-5.976884,49,18,57,26,0.7313432835820896,0.6533333333333333,0.6901408450704225
-5.956501,48,18,57,27,0.7272727272727273,0.64,0.6808510638297872
-5.9540577,48,17,58,27,0.7384615384615385,0.64,0.6857142857142857
-5.816923,47,17,58,28,0.734375,0.6266666666666667,0.6762589928057554
-5.7049484,46,17,58,29,0.7301587301587301,0.6133333333333333,0.6666666666666665
-5.6195035,45,17,58,30,0.7258064516129032,0.6,0.6569343065693432
-5.505805,45,16,59,30,0.7377049180327869,0.6,0.6617647058823529
-5.442826,44,16,59,31,0.7333333333333333,0.5866666666666667,0.6518518518518519
-5.314095,44,15,60,31,0.7457627118644068,0.5866666666666667,0.6567164179104478
-5.2069254,43,15,60,32,0.7413793103448276,0.5733333333333334,0.6466165413533834
-5.0942173,42,15,60,33,0.7368421052631579,0.56,0.6363636363636364
-4.7969036,41,15,60,34,0.7321428571428571,0.5466666666666666,0.6259541984732825
-4.556209,41,14,61,34,0.7454545454545455,0.5466666666666666,0.6307692307692307
-4.5296435,41,13,62,34,0.7592592592592593,0.5466666666666666,0.6356589147286822
-4.428396,40,13,62,35,0.7547169811320755,0.5333333333333333,0.625
-4.404145,39,13,62,36,0.75,0.52,0.6141732283464567
-4.2860804,39,12,63,36,0.7647058823529411,0.52,0.6190476190476191
-3.9334204,38,12,63,37,0.76,0.5066666666666667,0.6080000000000001
-3.9009862,37,12,63,38,0.7551020408163265,0.49333333333333335,0.5967741935483871
-3.7676413,37,11,64,38,0.7708333333333334,0.49333333333333335,0.6016260162601627
-3.5907948,37,10,65,38,0.7872340425531915,0.49333333333333335,0.6065573770491803
-3.500731,36,10,65,39,0.782608695652174,0.48,0.5950413223140497
-3.3964272,35,10,65,40,0.7777777777777778,0.4666666666666667,0.5833333333333334
-3.3796916,35,9,66,40,0.7954545454545454,0.4666666666666667,0.5882352941176471
-3.3046632,34,9,66,41,0.7906976744186046,0.4533333333333333,0.576271186440678
-3.0705748,34,8,67,41,0.8095238095238095,0.4533333333333333,0.5811965811965811
-2.9205294,33,8,67,42,0.8048780487804879,0.44,0.5689655172413793
-2.5138235,32,8,67,43,0.8,0.4266666666666667,0.5565217391304348
-2.21,32,7,68,43,0.8205128205128205,0.4266666666666667,0.5614035087719298
-2.1249948,32,7,68,43,0.8205128205128205,0.4266666666666667,0.5614035087719298
-2.0131898,31,7,68,44,0.8157894736842105,0.41333333333333333,0.5486725663716814
-1.8916535,30,7,68,45,0.8108108108108109,0.4,0.5357142857142857
-1.3166873,30,6,69,45,0.8333333333333334,0.4,0.5405405405405406
-1.2912498,29,6,69,46,0.8285714285714286,0.38666666666666666,0.5272727272727272
-0.9344791,28,6,69,47,0.8235294117647058,0.37333333333333335,0.5137614678899083
-0.903803,27,6,69,48,0.8181818181818182,0.36,0.5
-0.6840441,26,6,69,49,0.8125,0.3466666666666667,0.48598130841121495
-0.63930917,26,5,70,49,0.8387096774193549,0.3466666666666667,0.490566037735849
-0.16806057,26,4,71,49,0.8666666666666667,0.3466666666666667,0.49523809523809526
-0.11255714,25,4,71,50,0.8620689655172413,0.3333333333333333,0.4807692307692308
0.24747352,25,3,72,50,0.8928571428571429,0.3333333333333333,0.48543689320388345
0.42020822,24,3,72,51,0.8888888888888888,0.32,0.47058823529411764
0.9107316,23,3,72,52,0.8846153846153846,0.30666666666666664,0.4554455445544554
0.91116333,22,3,72,53,0.88,0.29333333333333333,0.44
1.348029,22,2,73,53,0.9166666666666666,0.29333333333333333,0.4444444444444445
1.4173958,21,2,73,54,0.9130434782608695,0.28,0.42857142857142866
1.7308416,20,2,73,55,0.9090909090909091,0.26666666666666666,0.41237113402061853
2.4204345,20,1,74,55,0.9523809523809523,0.26666666666666666,0.4166666666666667
2.6926172,19,1,74,56,0.95,0.25333333333333335,0.39999999999999997
3.7562566,18,1,74,57,0.9473684210526315,0.24,0.38297872340425526
3.9313228,17,1,74,58,0.9444444444444444,0.22666666666666666,0.3655913978494624
4.6717043,17,0,75,58,1.0,0.22666666666666666,0.3695652173913044
4.8421125,16,0,75,59,1.0,0.21333333333333335,0.3516483516483517
5.6109757,15,0,75,60,1.0,0.2,0.33333333333333337
6.357125,14,0,75,61,1.0,0.18666666666666668,0.3146067415730337
6.4815884,13,0,75,62,1.0,0.17333333333333334,0.29545454545454547
6.516092,12,0,75,63,1.0,0.16,0.2758620689655173
6.7391267,11,0,75,64,1.0,0.14666666666666667,0.2558139534883721
7.0961676,10,0,75,65,1.0,0.13333333333333333,0.23529411764705882
7.3165464,9,0,75,66,1.0,0.12,0.21428571428571425
7.467128,8,0,75,67,1.0,0.10666666666666667,0.1927710843373494
7.6097183,7,0,75,68,1.0,0.09333333333333334,0.17073170731707318
7.9254236,6,0,75,69,1.0,0.08,0.14814814814814814
8.530438,5,0,75,70,1.0,0.06666666666666667,0.125
8.925373,4,0,75,71,1.0,0.05333333333333334,0.10126582278481014
9.302307,3,0,75,72,1.0,0.04,0.07692307692307693
9.391525,2,0,75,73,1.0,0.02666666666666667,0.05194805194805195
9.479759,1,0,75,74,1.0,0.013333333333333334,0.02631578947368421
9.479759999999999,0,0,75,75,0.0,0.0,0.0
